beta,gama,rx,ry
1.378116,1.301154,0.190360,0.506082
1.408361,0.937700,0.208824,0.595253
0.803501,0.358872,0.093941,0.525829
1.004695,0.751691,0.117116,0.512628
1.684352,2.821441,0.406701,0.318660
1.688323,0.892895,0.312735,0.663811
2.126573,2.839056,0.418176,0.340657
1.221706,1.322756,0.164426,0.457685
1.152542,2.852228,0.419522,0.290427
0.578832,0.938077,0.095522,0.327573
0.884615,0.344499,0.112748,0.557856
1.358007,0.695554,0.217371,0.632677
1.374801,1.038848,0.192978,0.564072
0.815308,0.729299,0.089585,0.451101
2.446508,2.260622,0.409874,0.467491
2.418783,2.954549,0.441629,0.333913
1.688146,2.041052,0.283729,0.422173
2.104898,1.975663,0.348851,0.498618
1.227271,1.402501,0.171075,0.442847
1.895222,1.559353,0.311434,0.560990
2.496677,2.192170,0.421775,0.484521
1.262412,0.466155,0.214103,0.651481
2.071171,2.354749,0.357621,0.416161
1.713591,1.096712,0.293633,0.629308
2.313408,2.494336,0.394353,0.410660
0.344360,0.175647,0.048185,0.388460
1.706100,0.899807,0.318368,0.665706
2.018845,1.647301,0.340076,0.559477
2.033754,2.150531,0.339102,0.452500
1.428554,0.229818,0.329023,0.719891
2.243310,2.487585,0.386443,0.406633
0.856630,0.243581,0.115580,0.568413
1.008871,0.462738,0.134235,0.576226
2.038546,1.863803,0.336114,0.514618
0.841339,1.665014,0.193538,0.296561
2.126984,2.070290,0.353287,0.480789
2.511898,2.495060,0.417778,0.422546
1.106260,2.245403,0.294996,0.295381
1.558171,0.217258,0.393570,0.735609
1.619304,2.499223,0.345476,0.342413
0.050263,0.008549,0.050295,0.309706
1.367970,2.936345,0.432477,0.301038
1.388347,2.521212,0.346079,0.314237
0.882012,0.431203,0.105715,0.539110
1.758582,1.528496,0.276305,0.543813
2.097650,1.436582,0.385844,0.612133
0.557405,0.036652,0.072574,0.498996
1.509881,2.632104,0.368543,0.318981
2.013578,1.469017,0.353899,0.596800
1.094806,1.827539,0.216944,0.335709
1.199737,2.489856,0.342167,0.295284
1.421217,1.346788,0.199637,0.507843
0.455452,0.194018,0.053159,0.427743
1.161241,2.836256,0.415937,0.290288
1.633415,1.479540,0.246403,0.529154
1.245323,2.075506,0.260892,0.335337
1.594928,0.190535,0.417976,0.739484
1.516792,2.663603,0.374814,0.317249
2.382578,1.760922,0.433358,0.566839
2.437427,2.761866,0.423458,0.367512
0.890732,1.782754,0.213164,0.294854
1.431481,0.475328,0.279970,0.688583
0.657124,1.281954,0.138973,0.297103
1.860346,1.260920,0.326088,0.619784
1.961108,1.204022,0.369789,0.643098
0.452222,0.760876,0.081059,0.315823
1.456397,2.359623,0.316135,0.337357
0.436031,0.064851,0.055006,0.446440
0.770617,1.503665,0.168815,0.298275
2.289019,2.495711,0.391871,0.408568
1.170859,2.398648,0.324428,0.295766
2.215434,1.329119,0.443974,0.637761
0.560832,0.673882,0.070836,0.370628
0.952443,1.894744,0.231600,0.296540
1.265963,0.088848,0.287211,0.707345
1.410162,2.050696,0.261868,0.369432
1.467484,1.783844,0.232875,0.427539
0.941529,0.119016,0.155892,0.619588
0.144738,0.134979,0.049714,0.320528
1.831342,2.237626,0.320226,0.408376
2.235553,1.619287,0.407166,0.586786
0.529135,0.948793,0.098625,0.309363
2.218752,2.221277,0.371233,0.458023
1.180355,0.453371,0.187091,0.631227
1.976125,1.323577,0.358768,0.621670
1.996926,1.650503,0.333899,0.555969
1.174315,2.097488,0.265122,0.319767
2.129612,1.216265,0.431517,0.652801
1.713319,2.258283,0.311492,0.387727
2.460438,2.852414,0.432621,0.352566
2.111702,2.643574,0.390641,0.368476
1.873218,2.706445,0.388993,0.341962
1.802133,0.502223,0.441738,0.727659
1.265995,2.115143,0.268682,0.334421
1.237220,2.475486,0.338359,0.299908
1.816518,2.739918,0.393300,0.334132
0.967443,0.004537,0.183851,0.645865
1.179664,2.092218,0.264298,0.321072
0.836385,0.854319,0.095272,0.432243
1.084050,0.669222,0.137974,0.557417
0.787199,1.050026,0.106930,0.376334
0.489332,0.318361,0.054867,0.415203
1.299844,0.457114,0.229678,0.662497
0.709731,0.548515,0.074680,0.450969
1.832294,1.098780,0.337142,0.647217
1.037011,1.168260,0.133100,0.434242
1.427871,1.883693,0.240250,0.400328
1.786783,1.751355,0.281414,0.499711
0.897409,1.113475,0.117621,0.400272
1.164793,2.245653,0.293672,0.304647
1.572967,2.212258,0.295793,0.373698
0.948738,0.116829,0.158826,0.622490
0.773351,1.533279,0.173678,0.295473
1.658706,1.319679,0.257569,0.570383
1.903823,1.816269,0.306671,0.505525
1.604310,2.436751,0.333769,0.347905
2.038690,1.486004,0.360333,0.596326
2.277240,2.033980,0.383995,0.503349
0.919882,0.933910,0.107414,0.444280
0.773479,0.625163,0.082797,0.458062
2.496031,2.756476,0.427183,0.370925
1.534132,1.847590,0.246639,0.429664
1.345155,2.509560,0.343920,0.310385
1.346117,0.229790,0.292280,0.706103
2.361993,2.247213,0.395478,0.464844
1.952035,2.425624,0.352723,0.390162
0.507979,0.121856,0.060176,0.462940
0.732656,1.184102,0.122208,0.334824
1.787264,0.690094,0.392506,0.707736
1.240711,2.962455,0.440037,0.297812
0.825413,1.591875,0.181506,0.301418
2.018572,2.054321,0.333211,0.470711
2.333752,2.408612,0.393036,0.429350
1.423220,1.948985,0.247977,0.388242
1.721569,0.918139,0.321767,0.664901
1.922448,1.660977,0.313779,0.542586
0.833743,1.424020,0.153815,0.326548
1.646610,1.520618,0.249165,0.522901
1.364008,0.476058,0.251561,0.674308
1.568309,2.509842,0.346293,0.335613
2.553404,2.254572,0.429611,0.474240
2.068532,2.079553,0.342262,0.471579
1.985266,1.059361,0.403620,0.669945
1.280280,1.107058,0.168965,0.521990
0.783120,0.771639,0.087253,0.430891
2.018233,2.330174,0.349488,0.414891
0.906944,0.305667,0.122213,0.573472
1.123193,1.801737,0.212693,0.345553
1.805847,1.711855,0.284750,0.511880
2.334030,2.170520,0.391572,0.479023
1.386146,1.928141,0.242844,0.383730
0.231901,0.054890,0.045653,0.369285
0.718902,1.150358,0.118248,0.336219
1.388069,1.755691,0.221370,0.414752
0.794699,0.349347,0.093268,0.524734
2.117706,1.247995,0.421425,0.647306
1.073338,1.486162,0.166506,0.383619
1.885971,2.050137,0.310994,0.452772
0.902600,0.955432,0.106555,0.434056
2.005618,2.017808,0.329653,0.476830
1.611767,0.315411,0.395961,0.732476
1.828851,2.641425,0.376246,0.346386
1.920594,1.021018,0.384257,0.670963
0.660597,0.110273,0.084618,0.523506
1.209146,0.928300,0.156195,0.540231
1.857251,1.517269,0.302947,0.563925
1.884524,2.184720,0.320482,0.425882
1.437769,2.349004,0.313692,0.335853
1.424756,1.690791,0.218829,0.435964
2.360836,2.637670,0.408012,0.386131
2.334902,2.895969,0.432578,0.340665
1.806953,2.792773,0.402715,0.328214
1.059728,1.284702,0.144297,0.417555
1.018310,1.949701,0.239701,0.304523
1.607007,2.793351,0.401020,0.316079
1.756154,1.230302,0.294098,0.608841
1.637452,1.569574,0.247409,0.509804
0.894717,1.564333,0.174813,0.322602
1.094280,1.439791,0.162338,0.397926
1.317567,1.759924,0.215505,0.397248
2.040364,1.320680,0.381350,0.629123
2.057870,2.235783,0.347031,0.438008
1.774771,2.082816,0.298604,0.428869
0.340588,0.245373,0.049399,0.373159
1.012125,1.540084,0.171138,0.357538
1.627138,0.632188,0.333111,0.697829
0.771010,1.444921,0.159372,0.306289
1.271227,1.563942,0.190146,0.422451
1.477133,0.180631,0.363791,0.730608
1.137125,1.019436,0.141210,0.497598
1.324686,0.653935,0.210602,0.632195
0.800178,0.079124,0.120033,0.579837
1.868847,2.039485,0.307935,0.452443
0.286320,0.298041,0.051111,0.342275
0.540449,1.045743,0.111051,0.297210
1.483302,0.662582,0.267844,0.667597
2.266892,2.104031,0.380014,0.487473
0.646533,0.111162,0.082126,0.518124
2.063227,1.640569,0.353071,0.566536
1.821868,1.102069,0.332514,0.645235
1.396461,0.132500,0.337218,0.724522
1.003482,0.269081,0.154072,0.612220
0.186726,0.288247,0.055134,0.307432
2.036970,1.282736,0.386068,0.635526
1.176092,0.700631,0.159440,0.580000
2.054539,1.225341,0.401594,0.647328
1.485355,1.785965,0.234969,0.430914
1.098505,1.144035,0.138510,0.458474
1.581059,1.045568,0.253852,0.613658
1.689826,2.839323,0.410579,0.317873
0.783494,0.176498,0.104587,0.555743
0.988429,0.976082,0.117091,0.458663
1.479453,1.567269,0.218031,0.474609
1.945269,1.139672,0.373714,0.653114
0.999520,0.482550,0.129478,0.569108
2.015035,1.360893,0.367399,0.618866
1.050953,1.962253,0.241508,0.310165
1.254407,1.132429,0.163709,0.508620
1.288566,0.892977,0.177397,0.571960
2.382726,2.717042,0.416116,0.373039
1.298796,1.648499,0.201313,0.413388
2.188651,1.256821,0.447002,0.648275
2.082317,1.380247,0.388294,0.621387
1.970208,1.598749,0.329382,0.563394
2.081950,1.689173,0.354658,0.558231
0.834331,1.597122,0.182102,0.303070
1.075424,0.029615,0.219949,0.671964
1.166364,0.676366,0.159434,0.582016
2.043494,2.616309,0.382852,0.367580
1.803851,0.680653,0.401706,0.710037
1.291939,1.949934,0.241271,0.360942
1.251761,1.247283,0.165984,0.482674
0.975180,0.092589,0.171737,0.634595
0.766606,1.526043,0.172666,0.294666
1.566193,1.614905,0.235145,0.484637
2.579410,2.905362,0.442070,0.346846
1.328636,1.164076,0.179161,0.523102
1.495883,2.289673,0.304556,0.351365
1.101199,1.412365,0.160023,0.405062
1.007519,0.547723,0.126842,0.557980
1.189819,0.340075,0.206999,0.654346
1.583829,2.328437,0.314373,0.358952
2.136199,2.845423,0.419508,0.340187
0.691184,1.069402,0.108105,0.341423
1.239182,1.076366,0.160629,0.516487
0.415436,0.078606,0.052718,0.435824
1.272159,2.269311,0.297555,0.319064
1.404639,1.961257,0.248554,0.382113
2.164444,1.997065,0.360872,0.500494
2.062182,2.706842,0.396611,0.355508
0.370190,0.396397,0.054413,0.354363
1.952131,2.292777,0.338570,0.414253
2.229567,2.934585,0.435000,0.331935
0.202526,0.323306,0.056599,0.306733
1.532756,2.417926,0.328626,0.341104
2.287603,2.450354,0.388858,0.417349
1.933383,1.222747,0.356707,0.636751
1.311701,0.486953,0.229711,0.660284
2.517601,2.652760,0.422197,0.391582
1.438205,0.774593,0.235229,0.637003
0.747288,0.220192,0.092816,0.533569
1.979175,2.883340,0.422312,0.328364
1.628618,2.472594,0.340552,0.346436
1.697171,0.611760,0.368775,0.709246
1.405021,0.070554,0.355554,0.730601
1.614036,0.816465,0.295099,0.665426
1.141148,0.443775,0.175483,0.621667
2.200243,2.292669,0.370101,0.441697
1.932871,2.784747,0.403982,0.336688
0.927580,0.327895,0.125568,0.576248
1.666813,2.681223,0.379389,0.328487
0.972783,1.303818,0.140482,0.387600
1.344714,1.692600,0.210662,0.416433
0.759350,1.546631,0.176896,0.290186
2.078379,2.706363,0.397115,0.356384
1.587161,0.374639,0.370017,0.724732
1.630912,1.501799,0.245959,0.523422
0.870352,0.473665,0.100590,0.525784
1.387370,0.595196,0.241385,0.658835
1.797130,0.645210,0.406981,0.713529
2.536074,2.632934,0.423034,0.396476
2.612496,2.134465,0.449850,0.500624
1.386921,2.741848,0.391534,0.303611
0.647839,0.211997,0.074753,0.498310
0.615809,0.899759,0.090757,0.346908
2.119021,2.230308,0.355602,0.446078
2.493092,2.836252,0.432640,0.356422
2.116478,1.644032,0.368104,0.571584
1.922740,2.369493,0.343734,0.396633
2.341012,2.832879,0.425258,0.350953
0.727264,0.555311,0.077019,0.455996
2.481686,2.243426,0.416548,0.473120
1.792641,2.496201,0.351418,0.362089
1.398320,2.765878,0.396419,0.303556
0.589490,0.439055,0.062671,0.428474
2.057747,1.911998,0.339502,0.506551
1.695761,1.564401,0.260368,0.523537
1.146735,1.780307,0.209857,0.354172
1.923715,1.477865,0.324903,0.583185
1.435513,0.889983,0.221375,0.612347
1.768845,1.441839,0.282353,0.565075
1.383614,2.828924,0.409680,0.301496
2.420970,2.160230,0.408303,0.486838
1.857608,2.921507,0.427807,0.319842
2.162337,2.587905,0.387805,0.381828
1.513521,2.191787,0.288805,0.367252
0.929295,0.162969,0.145180,0.608234
1.286165,1.776386,0.215648,0.387354
1.777683,2.540146,0.357550,0.354372
1.651126,0.674563,0.335643,0.694778
2.526192,2.777781,0.430222,0.368080
1.739074,0.655617,0.378371,0.707614
2.269520,2.824376,0.421224,0.349036
2.289653,2.067004,0.385538,0.497252
2.287560,2.831113,0.422883,0.348703
1.247958,1.083162,0.161834,0.517509
2.106226,1.933605,0.349737,0.507955
1.429416,1.502863,0.206149,0.475794
2.128787,1.414270,0.399019,0.618654
0.949367,1.316841,0.140894,0.378179
1.843087,2.285634,0.326705,0.401433
1.963895,1.984790,0.321135,0.478152
1.849724,0.776075,0.402424,0.701252
1.462460,1.100245,0.213341,0.573246
1.922037,2.031182,0.315543,0.462020
1.635790,1.783372,0.255243,0.463635
1.666323,1.481775,0.254314,0.535848
1.438175,1.717158,0.222952,0.433765
1.985411,1.896742,0.324074,0.500190
1.892042,2.416745,0.346569,0.385144
1.420503,1.543877,0.207055,0.464916
1.499263,1.055468,0.227146,0.592629
2.610129,2.775113,0.434665,0.371732
2.093214,2.826534,0.415031,0.340541
2.506150,2.377613,0.417454,0.446478
1.627292,1.969598,0.269827,0.424482
1.733495,0.590737,0.389861,0.715176
1.527010,0.433213,0.329778,0.710534
1.318559,0.039445,0.322083,0.721195
0.349470,0.671621,0.078019,0.296216
2.481772,2.362823,0.413693,0.448254
2.315168,2.436496,0.391292,0.422369
1.637806,0.221353,0.430615,0.740046
0.911201,0.619731,0.103000,0.509011
0.577558,1.042451,0.108615,0.309640
2.499469,2.148932,0.425604,0.493747
1.613393,1.008355,0.269166,0.627941
0.700484,0.595165,0.074141,0.437796
0.910684,1.634877,0.185786,0.317214
1.171696,0.554629,0.171944,0.609137
2.318591,1.920154,0.400274,0.530869
0.615008,0.064091,0.080362,0.515877
1.226109,2.808987,0.408502,0.293259
0.896442,1.060030,0.112985,0.410436
0.956477,0.651704,0.110680,0.517724
1.789411,2.116702,0.303127,0.424559
1.121855,0.462122,0.166640,0.612503
2.303871,2.767221,0.416031,0.360123
0.592620,0.990720,0.100887,0.322656
2.303855,2.212134,0.385464,0.467676
1.399310,1.422701,0.197574,0.484952
1.435207,0.693363,0.244880,0.651781
1.192354,1.782664,0.211725,0.364423
1.502225,0.878683,0.245243,0.630907
1.035610,0.498047,0.138443,0.577805
1.014486,1.746268,0.203207,0.327887
1.948579,0.872222,0.425426,0.694538
2.498015,2.598999,0.418349,0.401173
1.252058,0.535660,0.200760,0.635758
0.549406,1.062975,0.112739,0.297234
2.424524,2.955161,0.441684,0.334080
1.260072,0.022120,0.299852,0.712906
2.079774,2.339280,0.357483,0.420075
2.115122,1.310325,0.410031,0.636375
2.503523,2.862024,0.435398,0.352305
1.189041,1.020018,0.150375,0.513641
1.448146,1.281093,0.204861,0.529382
1.735921,1.629178,0.269934,0.517049
1.899984,1.831400,0.306137,0.501648
1.771531,1.351871,0.288494,0.585595
1.010002,0.459636,0.134874,0.577106
1.836414,2.572750,0.365666,0.355986
1.258981,1.704389,0.204295,0.393313
2.564985,2.063603,0.446493,0.513241
1.223720,2.052707,0.256881,0.334017
1.583922,0.599215,0.321461,0.696406
1.215362,1.727983,0.205007,0.378631
2.144660,1.164702,0.447781,0.661248
0.250711,0.498879,0.068487,0.292112
1.335397,2.365407,0.315712,0.319748
2.382649,2.278031,0.398789,0.459748
1.305133,2.640258,0.371529,0.300085
1.871639,1.734934,0.299771,0.518295
2.397190,2.083188,0.407857,0.501884
1.912423,1.136638,0.361425,0.650318
1.690104,2.494856,0.346908,0.350936
1.456461,2.767732,0.396022,0.307459
1.979195,1.225325,0.372943,0.641057
1.011621,1.400055,0.152877,0.381542
1.676004,1.250984,0.266864,0.589153
0.572940,1.048587,0.109524,0.307112
0.194667,0.382607,0.062311,0.292657
0.976037,1.699774,0.195667,0.324623
0.708020,1.006923,0.101546,0.358290
1.071410,0.552178,0.143396,0.578019
2.148911,2.038502,0.357148,0.490181
0.607969,1.119029,0.117310,0.306820
1.872272,2.456043,0.350434,0.376447
0.843367,0.121695,0.126509,0.586825
1.901087,2.855287,0.415900,0.327579
1.211187,0.131524,0.254819,0.690942
1.700053,1.301328,0.270430,0.583047
0.821286,0.065842,0.127588,0.589705
1.605337,1.248306,0.246164,0.574617
2.016522,2.689049,0.391722,0.354488
2.126066,1.753764,0.362605,0.548936
1.402769,0.776259,0.223066,0.627678
0.782132,0.572094,0.083431,0.472577
1.514727,1.842232,0.244047,0.426419
1.270945,0.904196,0.172203,0.564325
1.526876,0.592640,0.298096,0.687870
1.572649,2.064547,0.274715,0.397192
1.371584,1.179472,0.188169,0.531435
0.739207,0.406784,0.080497,0.491855
0.182943,0.156100,0.048737,0.330881
2.343953,2.635879,0.407143,0.385651
1.124614,0.341769,0.183785,0.636087
0.986495,0.991458,0.117535,0.454722
1.875013,2.751061,0.396938,0.337291
1.379604,0.874644,0.205868,0.601091
1.434911,0.783513,0.232803,0.634115
1.214253,1.340733,0.165270,0.451796
0.771984,1.416754,0.154428,0.310817
2.257622,1.712683,0.403058,0.569507
2.267783,2.765973,0.413906,0.358055
0.376010,0.468133,0.058661,0.342677
1.946653,2.765020,0.400709,0.340179
1.830697,1.549315,0.294294,0.552269
1.252254,0.733962,0.178797,0.595820
2.058378,1.724235,0.346370,0.547754
1.650185,0.741921,0.322604,0.684334
2.540678,2.473282,0.421289,0.428681
0.576317,0.307330,0.062355,0.451091
1.404005,0.817850,0.218527,0.619833
1.847094,2.231212,0.321215,0.411759
0.783702,1.332521,0.141376,0.326277
2.449225,2.962985,0.443548,0.333819
1.302798,0.027161,0.317664,0.719746
0.645654,0.379655,0.068479,0.462197
1.441281,0.666219,0.251130,0.658042
1.493321,2.286611,0.303849,0.351303
0.859014,1.677136,0.195047,0.299291
1.465845,1.365255,0.209244,0.514992
1.926269,2.428691,0.351029,0.386625
0.920137,0.104241,0.151546,0.615422
0.700723,0.851551,0.086577,0.385406
0.747161,1.455545,0.162158,0.298332
1.308270,0.590799,0.213223,0.640212
0.425733,0.031344,0.055373,0.449163
1.912115,0.745654,0.436776,0.708019
1.622541,2.229703,0.301335,0.378661
2.004244,2.592724,0.377555,0.368062
1.937178,0.937869,0.407234,0.684849
0.333117,0.444885,0.058032,0.331520
0.361978,0.712850,0.081484,0.293533
1.303181,2.593347,0.361550,0.301734
1.015472,1.323926,0.144895,0.396587
1.258914,2.433058,0.329557,0.304915
2.071183,2.655884,0.389790,0.363534
1.373474,1.232128,0.188530,0.520334
2.166281,1.531629,0.395800,0.598872
1.233949,2.948848,0.438002,0.297118
1.166831,2.875414,0.423659,0.291860
2.272177,2.243507,0.380317,0.458271
0.875027,1.358538,0.144041,0.348969
1.902142,1.942049,0.308933,0.477935
1.242394,0.274918,0.239393,0.678306
1.586054,2.398622,0.326329,0.350255
1.995015,1.905041,0.326057,0.499893
1.097374,1.749076,0.204246,0.347080
1.894266,1.847179,0.305055,0.497266
1.815715,0.578251,0.430375,0.721421
1.613794,1.159776,0.254416,0.596120
1.088136,2.183657,0.283373,0.296997
1.169650,2.950810,0.439589,0.295352
2.413897,2.843595,0.429656,0.352200
2.230758,2.924791,0.433546,0.333184
1.375005,0.777360,0.213342,0.620401
1.015566,1.613529,0.182240,0.346473
1.304996,1.077367,0.174680,0.535516
1.094351,1.316363,0.149906,0.421617
1.460839,0.848788,0.234502,0.627459
2.529224,1.961065,0.448744,0.532667
1.403648,1.048919,0.199945,0.569473
1.071393,0.716195,0.132306,0.542904
1.222983,0.742344,0.169721,0.585189
1.446279,1.901353,0.243658,0.401047
0.546069,0.353157,0.058610,0.429886
1.509367,0.926628,0.242472,0.622470
1.503518,2.208479,0.291257,0.363185
2.010795,2.721020,0.396547,0.350043
2.232925,1.787980,0.388664,0.551914
0.372667,0.375591,0.053624,0.359391
1.065677,1.266066,0.143351,0.423063
2.430906,2.961692,0.443139,0.333386
2.007109,1.153462,0.395344,0.656027
1.835373,0.658677,0.420933,0.714218
1.570195,0.965499,0.259071,0.628088
1.738064,1.838013,0.275351,0.471968
1.684398,0.918387,0.306746,0.658929
1.350836,1.538385,0.196467,0.448215
2.462037,2.106907,0.419735,0.500506
1.686843,2.578276,0.360998,0.340594
2.513079,1.966035,0.444384,0.531109
0.674715,0.228886,0.078506,0.504660
0.674004,0.624324,0.073321,0.421907
0.783143,0.610219,0.083543,0.464907
1.930550,1.534275,0.322548,0.571834
1.451277,1.000451,0.217356,0.592750
0.506103,0.305515,0.056237,0.424390
1.914889,2.104532,0.318398,0.445891
1.626971,1.993457,0.272066,0.420201
1.756761,1.535212,0.275406,0.541895
2.074667,1.872092,0.344063,0.517288
0.471341,0.895523,0.095529,0.299219
1.853804,1.298058,0.319824,0.610902
1.341041,0.768097,0.203040,0.613638
2.031505,1.332614,0.376671,0.625792
2.195127,2.581702,0.389722,0.385458
1.200042,2.687233,0.383557,0.290916
1.249170,1.280208,0.166763,0.474883
2.061398,1.390623,0.379171,0.617693
1.496592,1.875938,0.245448,0.416276
1.454957,1.817858,0.234992,0.418094
0.637845,0.421933,0.066774,0.450371
1.701797,0.603425,0.372733,0.710561
2.176418,1.228106,0.447852,0.652516
1.210167,2.901058,0.428081,0.294725
1.776378,2.236217,0.314516,0.400792
0.942435,1.772925,0.209451,0.307660
1.976219,2.316887,0.343766,0.412537
1.312857,2.355523,0.313824,0.317641
1.408011,2.871777,0.418399,0.302368
1.355064,0.277636,0.286149,0.701828
2.178699,2.170102,0.363496,0.465020
1.815382,0.971640,0.350622,0.668277
2.287089,1.765692,0.405388,0.560827
1.389763,2.838198,0.411295,0.301699
1.923171,1.818365,0.310988,0.508314
1.209571,0.692079,0.169861,0.591759
0.430874,0.643502,0.070116,0.329660
1.496503,0.856436,0.245938,0.633855
0.881029,1.071339,0.113115,0.403261
1.330385,0.313795,0.268111,0.692141
1.190272,1.009902,0.150610,0.516291
2.407198,2.855487,0.430519,0.349955
0.446632,0.757951,0.081281,0.314397
1.787937,1.274840,0.300366,0.605000
2.537913,2.563862,0.421797,0.410451
2.031250,1.280088,0.384258,0.635539
0.287427,0.481729,0.063911,0.308099
1.180734,2.858258,0.419760,0.291815
1.442994,0.468447,0.285845,0.691814
1.047511,1.396490,0.154422,0.392531
0.973669,1.918392,0.235368,0.298636
2.353773,2.482229,0.397779,0.416125
1.437275,2.576850,0.357591,0.315635
1.834439,0.963936,0.359311,0.671547
1.443966,2.367912,0.317166,0.334535
1.353442,1.339642,0.186547,0.491118
2.381205,1.859651,0.421688,0.547302
1.607092,1.591397,0.241892,0.498630
1.465583,0.939093,0.226547,0.609529
1.966952,2.533677,0.367475,0.373755
1.380515,0.213763,0.311080,0.714028
1.260729,0.755011,0.179980,0.593427
1.695483,0.908861,0.312508,0.662447
0.571455,0.647938,0.068964,0.379428
2.338703,2.181549,0.392168,0.476838
1.606550,1.588508,0.241676,0.498853
1.546873,0.514691,0.321535,0.702807
2.230236,1.761892,0.390156,0.557594
0.730522,1.125124,0.114583,0.344343
1.743224,0.395757,0.439347,0.733489
1.857050,1.184037,0.334133,0.634273
1.674163,2.260237,0.309551,0.381746
1.319921,2.350345,0.313100,0.318975
0.916555,0.982826,0.109480,0.433255
2.547337,2.577170,0.423070,0.408047
2.198846,1.314188,0.440784,0.639715
0.466480,0.771801,0.081927,0.318689
2.082625,2.616516,0.385642,0.370371
1.245307,1.471606,0.178917,0.433812
1.387187,1.166559,0.192177,0.538588
2.074055,2.290920,0.353301,0.428868
1.494113,0.454684,0.310435,0.702671
2.384057,2.359867,0.398934,0.442794
1.925250,1.982289,0.314255,0.472870
2.283419,2.298727,0.382774,0.447841
1.862893,1.981123,0.303349,0.463536
1.718986,2.754961,0.394644,0.325915
1.483701,0.392472,0.319086,0.709590
1.770109,1.033230,0.323250,0.650581
2.034395,2.399660,0.357593,0.403791
2.196696,1.689183,0.387676,0.569566
1.520753,1.018681,0.237228,0.605568
1.525749,0.950821,0.245590,0.621407
2.132137,1.202067,0.435051,0.655188
1.240151,2.151293,0.274759,0.325810
1.183668,2.216915,0.287766,0.309956
1.903895,2.795102,0.405048,0.334101
1.280224,1.701167,0.205830,0.399174
1.972663,2.875568,0.420543,0.328877
2.045073,2.021365,0.337316,0.481097
0.830945,1.656337,0.192888,0.295013
1.282910,1.210883,0.170250,0.499602
0.992715,0.957041,0.116798,0.464161
1.967263,1.473264,0.338848,0.590196
2.138898,2.330302,0.363937,0.428059
1.995134,2.061418,0.329193,0.466223
1.416722,2.198456,0.286255,0.350252
1.191750,0.005521,0.273256,0.701448
1.003985,0.581128,0.124039,0.549608
1.505900,2.331890,0.312435,0.347420
1.552755,1.721928,0.238564,0.458898
1.976822,1.110479,0.390947,0.661043
1.343691,0.961693,0.188807,0.572385
0.482094,0.756371,0.079292,0.326926
1.916979,1.671450,0.311919,0.539466
1.511834,1.435081,0.219742,0.510990
2.191558,1.672870,0.387534,0.572677
2.415050,2.524475,0.406607,0.411165
1.549298,1.182861,0.233821,0.576354
1.611811,0.886078,0.284192,0.651926
1.048571,0.744126,0.126626,0.529095
1.294593,0.674625,0.197803,0.620160
0.754917,0.259934,0.091571,0.528309
1.867967,1.698959,0.299413,0.525573
1.621076,2.663402,0.375517,0.326309
1.206876,2.694915,0.385091,0.291246
1.854496,1.210316,0.330032,0.628813
0.584772,0.969528,0.099295,0.324082
1.696324,1.429969,0.262987,0.553629
2.068240,2.327384,0.355185,0.420994
1.077986,0.844151,0.130260,0.516691
1.632972,0.957675,0.282113,0.641872
1.273792,1.417694,0.177959,0.452789
1.228134,0.590980,0.186259,0.618231
0.584646,0.280251,0.063669,0.459841
1.222720,1.862130,0.224657,0.359399
2.334120,2.048491,0.395885,0.504898
1.110014,1.482530,0.168156,0.394345
1.070740,0.215208,0.184802,0.642611
1.550597,0.214779,0.390563,0.735075
1.593508,2.538909,0.352119,0.335206
1.126007,0.057381,0.234544,0.680858
2.150212,2.458949,0.374694,0.404136
2.317918,1.660094,0.427014,0.583256
1.986241,2.055131,0.327601,0.466455
1.082852,0.693229,0.136148,0.551746
0.295514,0.539832,0.068211,0.300666
1.443970,2.779612,0.398869,0.306280
1.101870,1.293451,0.148972,0.428500
1.557798,0.718633,0.288640,0.672513
1.351726,2.172034,0.279615,0.342451
0.139662,0.221096,0.054645,0.302717
0.885344,0.188914,0.129752,0.588719
0.778361,0.170722,0.104146,0.554862
0.608261,0.630719,0.069785,0.396262
1.195841,0.150961,0.244181,0.684933
1.225718,2.263847,0.296436,0.312231
2.046440,2.362783,0.355530,0.411957
1.731786,1.735355,0.270311,0.492859
0.929124,0.021479,0.167736,0.632049
2.354935,2.584964,0.403960,0.395864
2.594233,2.827209,0.437000,0.361414
1.529344,1.677822,0.231855,0.462772
0.595092,0.776058,0.079130,0.362981
1.900054,1.147500,0.354971,0.646611
0.633371,0.186534,0.074211,0.498150
0.995759,1.419328,0.154932,0.373288
1.911648,2.351562,0.340710,0.398532
0.544414,0.125668,0.064818,0.476344
0.627524,1.202619,0.128380,0.299952
1.631246,1.506873,0.246199,0.522721
1.627074,0.614942,0.337083,0.700333
0.410415,0.322685,0.051686,0.384377
2.149935,1.691389,0.373746,0.564955
0.643393,0.546219,0.068838,0.426260
0.728605,0.135160,0.096514,0.543867
1.232879,2.189371,0.281962,0.320569
0.572003,0.048505,0.074211,0.502242
1.727671,1.781159,0.270868,0.482350
0.250722,0.202721,0.048164,0.347448
1.666918,1.574377,0.254323,0.515405
0.426125,0.442362,0.056412,0.366485
1.341930,1.212120,0.181938,0.516144
1.531056,0.126163,0.402557,0.739170
0.083904,0.134280,0.054243,0.298560
2.006344,1.266638,0.376914,0.635866
1.160419,1.274097,0.153772,0.449856
2.041946,1.052726,0.427893,0.673891
0.736599,0.377913,0.081083,0.496978
1.766526,0.718212,0.377497,0.702251
1.932993,2.602871,0.374767,0.360138
1.067813,1.664991,0.190584,0.352330
1.539121,2.255510,0.300259,0.362230
2.305213,2.227278,0.385518,0.464677
2.380475,1.912985,0.416426,0.536319
1.075548,1.466008,0.164504,0.387774
1.082370,1.684822,0.193781,0.352695
1.700337,1.996712,0.281281,0.432775
2.489196,1.885177,0.447658,0.546227
0.337893,0.608019,0.072127,0.303418
1.975164,1.727533,0.324642,0.535737
0.455924,0.817596,0.087171,0.307499
1.104341,0.994142,0.135193,0.492645
0.450121,0.250098,0.052397,0.414149
0.211506,0.328841,0.056305,0.308887
0.872870,0.348747,0.109744,0.553011
1.837156,0.695857,0.414086,0.710300
2.069522,2.248172,0.349748,0.436867
0.741277,0.178672,0.095114,0.539969
2.382808,1.969677,0.412109,0.524742
1.352918,2.718592,0.387221,0.301827
0.864526,1.155615,0.120160,0.381550
1.368763,2.243126,0.293100,0.337259
2.399848,2.802851,0.424974,0.358437
0.238419,0.262905,0.051318,0.330933
0.734564,0.509915,0.077660,0.468231
2.003317,1.046806,0.413680,0.672836
1.009953,1.697207,0.194922,0.333415
1.276271,1.302897,0.172091,0.477355
1.214310,2.176590,0.279766,0.318418
0.761288,0.135570,0.103994,0.555780
1.653574,0.861911,0.303739,0.663760
1.486758,0.245354,0.352796,0.725977
1.943258,2.405211,0.349492,0.392892
1.331236,1.126529,0.180131,0.532160
1.660565,1.278324,0.260278,0.579686
2.239362,1.970188,0.378523,0.513634
1.802258,1.429262,0.292333,0.574125
1.909237,2.200812,0.325521,0.426223
2.023934,2.939824,0.432507,0.324145
2.319947,1.947399,0.398600,0.525391
1.395258,1.347206,0.194579,0.500733
1.934781,2.397769,0.347965,0.393266
1.516728,2.545277,0.351932,0.326228
0.938579,0.715687,0.105922,0.497813
0.697193,0.352013,0.075977,0.487842
1.625485,2.672126,0.377331,0.325915
1.438533,2.372987,0.318295,0.333468
1.158456,0.383920,0.189103,0.638127
1.599867,1.684220,0.243957,0.476907
1.462045,0.777615,0.243511,0.641606
0.764885,0.271216,0.092592,0.529837
2.306002,1.667368,0.422715,0.581395
1.927922,1.488625,0.325141,0.581383
1.869750,0.848255,0.396421,0.692950
1.448090,2.932087,0.430431,0.303549
1.204892,0.733643,0.165282,0.581529
1.648831,2.908746,0.424072,0.312020
2.267807,2.237460,0.379489,0.459454
2.271912,2.006722,0.383959,0.508687
2.009945,2.919452,0.428939,0.325830
1.390348,1.731218,0.218845,0.419977
0.409640,0.308350,0.051648,0.387097
2.244346,2.455035,0.383933,0.412849
1.126807,1.217701,0.146071,0.451826
1.721773,0.548565,0.393485,0.718673
1.154216,0.852958,0.145825,0.539856
1.091354,1.657849,0.190226,0.359431
0.767625,0.844642,0.089786,0.410431
1.822854,0.755005,0.394827,0.702277
1.426763,1.159281,0.201981,0.550859
0.607164,0.814452,0.082329,0.359905
1.447364,1.024103,0.213945,0.586531
1.096981,1.963494,0.240949,0.319340
1.110613,0.299849,0.185392,0.639412
1.295837,2.912095,0.428652,0.297848
2.429554,2.776726,0.424307,0.364568
1.362891,1.023303,0.190636,0.564088
1.640071,2.460019,0.338994,0.349397
1.276063,1.255301,0.169946,0.488169
1.965515,1.322295,0.354843,0.621216
1.552666,2.577777,0.358313,0.327282
2.342022,2.447807,0.395352,0.421947
1.033928,2.074194,0.263043,0.296389
1.104236,0.194587,0.200220,0.655404
1.603452,2.510162,0.346667,0.339337
2.222941,2.047199,0.372166,0.495703
2.256854,2.513022,0.389944,0.402669
1.977653,2.951886,0.434166,0.321310
2.157216,2.429982,0.373031,0.410242
0.148134,0.130025,0.049359,0.322756
1.914854,2.395469,0.345925,0.391250
1.281459,1.709413,0.206752,0.397959
2.428944,1.886168,0.431725,0.544222
1.050142,0.957528,0.125677,0.482883
1.535222,2.441628,0.332619,0.338652
1.016572,0.590104,0.126249,0.552007
2.410011,2.393167,0.403103,0.437895
1.884507,0.903630,0.391566,0.686167
2.603672,2.637491,0.430312,0.398469
1.747611,2.225109,0.310539,0.398414
0.987709,1.266347,0.137174,0.399245
1.172002,0.164523,0.231698,0.677357
2.497320,2.691830,0.422813,0.383247
0.273504,0.265110,0.050544,0.343971
0.734312,1.266786,0.133088,0.322136
2.235117,2.016977,0.375912,0.503161
1.298529,0.207221,0.276280,0.699830
1.498616,2.799935,0.402507,0.308958
0.949832,1.439896,0.156218,0.356736
1.109736,1.041064,0.136254,0.484111
1.334515,0.581346,0.223915,0.648707
1.881762,2.727798,0.392987,0.340138
1.790303,2.277433,0.321064,0.395520
1.418957,1.100690,0.201849,0.561998
0.791668,0.092843,0.115914,0.574488
1.315009,2.087578,0.264096,0.346567
1.514720,2.962010,0.436188,0.305602
0.506861,0.446099,0.058490,0.396006
1.993736,1.650918,0.333375,0.555297
1.664113,0.550209,0.366602,0.713270
2.133320,2.730605,0.403152,0.356255
1.447373,0.707250,0.247685,0.651789
0.436752,0.824142,0.088954,0.299990
2.016615,1.069428,0.414638,0.670233
1.120801,2.324621,0.310482,0.293325
0.770046,0.105089,0.109399,0.564555
1.489813,0.259269,0.350974,0.725127
1.515732,0.361751,0.340448,0.717589
1.495877,0.725150,0.263137,0.659143
1.320380,2.925461,0.431400,0.299124
2.363717,1.630378,0.445772,0.590365
0.430213,0.206806,0.051693,0.415160
1.784868,1.504317,0.283567,0.554091
2.153038,1.311194,0.423875,0.638349
0.465118,0.345769,0.054397,0.400430
1.249661,2.008736,0.249156,0.344379
1.099451,1.760697,0.206468,0.345830
1.235061,1.239150,0.162604,0.479431
0.231308,0.128003,0.046577,0.354700
2.391985,1.758579,0.436508,0.567564
1.019406,0.544841,0.130151,0.562539
1.989553,2.389519,0.351941,0.400753
0.636798,0.554052,0.068587,0.422534
0.905436,1.378511,0.147290,0.354354
1.404350,1.138928,0.197091,0.549408
1.785195,1.219348,0.305136,0.616367
2.114091,2.778446,0.408784,0.347881
2.453232,2.482374,0.410242,0.422185
0.711857,0.470218,0.075452,0.467912
1.003828,1.558417,0.173675,0.352181
1.863943,1.764838,0.298015,0.510244
0.238965,0.001770,0.046083,0.382076
1.222292,1.635201,0.193287,0.396556
2.316734,2.557051,0.398391,0.398780
0.714123,0.644286,0.077427,0.432464
1.910856,2.798146,0.406175,0.334093
1.627123,1.594547,0.245930,0.502225
1.638069,1.571540,0.247566,0.509781
1.801551,1.543167,0.286802,0.548513
1.765784,2.780435,0.400144,0.326616
1.392541,1.452926,0.197876,0.476892
1.672074,2.368435,0.325503,0.365585
1.935013,1.059839,0.382976,0.665689
0.914626,1.851587,0.225000,0.292994
1.158475,1.459169,0.168977,0.412205
1.944293,1.823111,0.315627,0.510159
2.013081,2.148726,0.335867,0.450148
2.118365,1.158505,0.438810,0.661239
1.343674,2.789903,0.402226,0.299631
1.889118,1.747516,0.303522,0.518396
1.413238,1.962315,0.249165,0.383858
2.225565,1.505722,0.418898,0.607721
1.130692,0.710777,0.147006,0.563330
2.260909,1.692877,0.405933,0.573540
1.461910,1.654858,0.220873,0.452015
1.109582,0.246034,0.192924,0.648292
0.724929,0.691281,0.079602,0.426693
1.131915,0.434681,0.173537,0.620739
1.347367,2.884506,0.422162,0.299394
2.114996,2.597256,0.385559,0.376292
1.661060,1.608529,0.253258,0.506361
1.422242,2.620740,0.366075,0.311587
1.404475,2.893326,0.422804,0.301624
1.200532,1.680681,0.197922,0.383101
2.239622,1.921744,0.380459,0.524158
1.843763,1.722334,0.293672,0.516261
1.983926,1.108111,0.394452,0.661605
1.380508,1.555023,0.202042,0.452413
1.563683,1.741128,0.241563,0.457379
1.045781,0.105008,0.194393,0.653182
1.299641,0.847310,0.183277,0.584997
2.045681,1.366544,0.377086,0.620742
1.542828,0.238787,0.381176,0.732700
1.444504,0.262866,0.329485,0.718363
1.591217,0.759642,0.295380,0.671368
1.667239,2.013207,0.278599,0.423766
0.455577,0.487053,0.059406,0.368509
1.189223,2.288494,0.301709,0.304986
1.410356,2.407477,0.324136,0.326271
0.928658,1.503544,0.165067,0.340688
1.225818,2.087950,0.263447,0.330078
2.074249,1.449549,0.375800,0.607445
1.381380,2.862189,0.416385,0.301272
0.756846,0.488041,0.080894,0.481018
2.342605,2.120696,0.394686,0.490134
0.860377,1.035679,0.108547,0.403549
1.272468,0.982831,0.169069,0.547082
1.189623,2.361806,0.316455,0.300257
2.173671,2.508110,0.381135,0.397059
1.719289,0.558502,0.389915,0.717607
1.703856,1.237864,0.276459,0.597710
1.022788,0.489127,0.135454,0.575435
0.216798,0.072149,0.045843,0.359947
2.603158,2.456067,0.430165,0.434906
2.172149,2.446680,0.376031,0.408474
2.420942,2.269285,0.405338,0.464256
1.165654,1.725202,0.202633,0.367029
1.627504,2.216358,0.300034,0.381622
1.488362,0.869049,0.241713,0.629575
2.267290,2.045564,0.381551,0.500008
2.211903,1.508312,0.414116,0.606253
2.236492,2.627087,0.397687,0.380250
1.117036,0.698503,0.144270,0.561788
1.221765,2.258295,0.295412,0.312532
1.426136,1.988452,0.253385,0.382322
1.954137,2.637394,0.381312,0.357414
0.364607,0.568703,0.066497,0.319705
1.890135,1.020565,0.372015,0.668159
2.123454,2.427474,0.369303,0.407692
1.296627,2.030643,0.254064,0.350814
1.479505,0.935878,0.231518,0.613494
2.558551,2.025925,0.448898,0.520844
1.159229,0.328629,0.197791,0.648087
2.511264,2.579767,0.419305,0.405736
0.906293,1.263706,0.133034,0.374723
1.650884,2.544401,0.353973,0.340708
0.493754,0.909209,0.095832,0.304414
2.602106,2.175876,0.444077,0.491928
2.556759,2.842713,0.436432,0.357651
1.094264,0.214314,0.193106,0.649450
0.566056,0.996948,0.102715,0.313293
0.712701,0.520569,0.075195,0.457913
1.574360,0.260214,0.391096,0.733708
2.563618,2.343863,0.427201,0.456167
2.028790,1.846640,0.334534,0.517212
0.478797,0.398665,0.056394,0.394917
1.563075,0.835241,0.272939,0.652191
1.297848,2.217516,0.287794,0.328409
1.848697,1.405026,0.307819,0.587178
1.257105,0.770815,0.177099,0.589208
1.551902,2.594141,0.361627,0.325873
0.609866,1.091058,0.113257,0.311830
1.300341,1.233818,0.174001,0.499522
1.314461,1.024762,0.178448,0.550169
1.602326,1.644787,0.243019,0.486142
0.711845,0.023373,0.104625,0.559116
1.067763,1.716229,0.198450,0.344534
1.589751,0.873813,0.277810,0.650141
1.845739,2.371740,0.337121,0.386981
2.448049,2.924279,0.439445,0.339875
0.917720,1.232114,0.130143,0.383995
1.416892,2.165832,0.280359,0.354723
1.473105,0.859088,0.237370,0.627995
1.040477,0.192181,0.178050,0.637570
1.840935,2.225993,0.320089,0.411801
1.308974,1.878729,0.231109,0.375474
1.868293,2.693635,0.387078,0.343317
0.554028,0.952056,0.098288,0.317104
1.188534,0.928068,0.151335,0.533759
0.960159,0.471783,0.120744,0.557722
0.952381,1.642193,0.186507,0.326603
2.380508,2.259674,0.398542,0.463519
1.631506,2.146985,0.290199,0.393331
0.792634,0.061187,0.120239,0.580420
1.619670,2.205115,0.297863,0.382185
2.459751,2.287792,0.411503,0.462741
1.467415,0.892629,0.231993,0.619677
1.248315,0.926131,0.165340,0.552469
1.234697,1.178813,0.161261,0.492724
1.997443,2.746328,0.399944,0.345671
1.788601,1.426668,0.288432,0.572132
2.400154,2.212300,0.402698,0.474768
1.119543,0.651433,0.147930,0.572750
2.006018,1.387538,0.360670,0.612607
1.070433,1.888669,0.227485,0.322668
1.536148,0.256917,0.374141,0.730148
0.854833,0.173230,0.123071,0.581303
1.925599,1.012136,0.388176,0.672836
1.232669,0.950165,0.161165,0.542611
0.718362,1.203663,0.125040,0.327189
2.097205,2.425568,0.366308,0.405347
1.365352,1.417279,0.191095,0.477312
2.410543,2.816213,0.426793,0.356650
1.825334,2.784992,0.401742,0.330257
1.749977,1.061426,0.311531,0.642348
1.505825,0.388457,0.329729,0.713097
0.402950,0.327417,0.051734,0.380531
1.628728,2.197644,0.296931,0.384821
0.515589,0.594259,0.065208,0.369602
1.417407,0.849545,0.219618,0.616374
2.246759,1.955337,0.380929,0.517686
1.752918,1.956099,0.285110,0.450218
1.247511,0.683744,0.182364,0.604870
1.179327,1.202675,0.152645,0.471060
1.312846,2.885517,0.422689,0.297848
1.873290,1.845945,0.300493,0.494141
1.277574,2.517639,0.345967,0.302622
1.328749,2.395119,0.321012,0.316237
0.673094,0.699318,0.076670,0.406258
1.270694,2.959443,0.439083,0.298048
1.713242,0.876465,0.325219,0.671139
1.460896,1.985333,0.255612,0.389405
1.679814,0.967211,0.298598,0.648771
1.328864,0.852054,0.191996,0.592188
0.835547,0.662047,0.090689,0.472928
0.421373,0.174428,0.051056,0.418534
0.846390,0.886035,0.097938,0.429462
1.686628,1.800492,0.264633,0.470160
2.362021,2.375638,0.395777,0.437900
0.292684,0.334363,0.053385,0.337643
2.488921,2.516245,0.414923,0.417195
0.766402,1.547287,0.176427,0.291887
2.177939,1.917090,0.366434,0.519247
1.248695,1.819062,0.219695,0.371503
1.567335,0.462200,0.341646,0.712621
1.848480,1.245605,0.323842,0.620794
1.020222,0.762729,0.120050,0.515483
1.911071,0.698789,0.446607,0.712952
2.463133,1.916758,0.436961,0.539407
1.241719,1.699210,0.202511,0.389931
1.171694,0.216535,0.222409,0.669348
1.907126,2.863628,0.417620,0.326901
1.007800,0.923382,0.118137,0.476390
1.487744,1.200863,0.216376,0.557244
2.522388,1.953976,0.447937,0.533911
1.029930,0.050160,0.198674,0.657090
1.735516,0.805919,0.347028,0.685415
0.088907,0.145672,0.053927,0.298186
2.192641,1.261260,0.447641,0.647742
1.748323,0.845853,0.345028,0.680934
1.962716,1.922399,0.319955,0.491230
1.313857,2.716772,0.387050,0.299030
0.593906,0.585616,0.067221,0.400213
2.505312,2.636976,0.420493,0.393999
1.353557,2.491105,0.340102,0.312452
1.962681,1.634792,0.325211,0.554406
2.326568,2.078351,0.392982,0.497765
2.350263,2.901327,0.433632,0.340340
1.347120,2.596962,0.361667,0.305601
0.111380,0.150765,0.052406,0.305395
1.308527,0.201614,0.281679,0.702299
1.486502,1.049032,0.223953,0.590832
1.293146,2.177486,0.280147,0.332132
1.792078,1.931415,0.289047,0.462024
1.741020,2.555209,0.358732,0.349024
0.337773,0.540128,0.065834,0.315507
2.577827,2.495587,0.425676,0.425841
1.574878,1.119945,0.245464,0.596026
2.540456,2.244344,0.427290,0.475643
2.352253,2.141738,0.395784,0.486172
1.294145,2.435892,0.329947,0.309264
0.674616,0.530659,0.071139,0.441715
1.894291,2.737721,0.394803,0.339835
0.933005,0.724235,0.104862,0.494070
0.614088,1.011882,0.103156,0.326401
0.881805,0.193995,0.128029,0.586655
1.902498,1.208789,0.347521,0.635496
2.222968,2.509354,0.385863,0.400837
2.580749,2.431488,0.427142,0.438944
2.075984,2.758768,0.404217,0.348772
1.187513,1.033014,0.150375,0.510378
2.463476,2.110413,0.419929,0.499863
2.038491,1.971744,0.335491,0.491044
1.481916,0.009879,0.407169,0.740939
2.185179,2.678884,0.399312,0.367920
0.838668,1.665640,0.193790,0.295722
1.471085,1.761680,0.231120,0.432578
1.285223,2.391722,0.320923,0.310726
1.187772,1.755507,0.207651,0.367481
2.365264,2.050547,0.402383,0.506536
1.076413,2.246827,0.296079,0.291114
2.165099,1.352273,0.421540,0.631980
2.457487,2.020096,0.425902,0.518362
1.507343,1.163941,0.222971,0.570517
1.133385,0.714542,0.147737,0.563461
1.264040,2.064054,0.259335,0.340133
1.195510,0.942055,0.152669,0.532790
2.225730,2.305402,0.374464,0.441367
1.629387,1.843837,0.258766,0.449828
1.229949,0.972337,0.160085,0.536842
0.557898,1.107516,0.118509,0.293226
1.527058,0.951992,0.245745,0.621582
1.378798,0.471927,0.258689,0.678321
2.525779,2.395304,0.419650,0.443933
1.468184,2.955748,0.435135,0.304236
1.604234,0.134351,0.435801,0.742749
1.441452,2.205382,0.288155,0.353548
1.856145,1.259841,0.324388,0.619071
1.613626,0.530513,0.348096,0.710153
2.104099,2.288002,0.356743,0.432490
0.546185,0.551485,0.063203,0.389541
2.273965,2.349674,0.382594,0.436406
1.985377,1.172739,0.383750,0.650961
0.530279,0.385844,0.058212,0.417276
0.112873,0.205122,0.055854,0.296114
1.942631,2.538481,0.366483,0.370826
0.829788,1.648808,0.191200,0.295412
0.862105,0.045187,0.142342,0.606730
1.459141,0.390255,0.308128,0.705858
1.455968,2.605519,0.363354,0.315691
1.824171,1.661831,0.289915,0.526160
0.867153,1.244701,0.129774,0.366094
1.212293,2.066114,0.259526,0.330244
2.216673,1.975091,0.373108,0.510665
1.098209,0.892769,0.133281,0.512937
2.083178,2.119176,0.346205,0.465209
1.627507,1.595523,0.245799,0.502139
2.150483,2.784934,0.410802,0.349041
0.903431,0.664269,0.100665,0.496472
0.625990,0.023850,0.085851,0.527571
1.377114,1.820849,0.227816,0.400480
0.992343,0.661063,0.117395,0.528292
1.113739,1.750348,0.204411,0.350449
1.893566,2.245011,0.327573,0.415564
1.595058,0.909228,0.274845,0.644357
1.020502,0.085309,0.188591,0.649094
1.589997,1.297060,0.240041,0.560206
0.593065,0.200813,0.067235,0.479632
1.961596,1.574536,0.329082,0.567646
1.759677,1.218329,0.296883,0.612190
2.006090,1.678104,0.335032,0.550994
0.621456,1.114241,0.116199,0.311928
1.717206,2.168885,0.301318,0.403604
2.513232,2.356259,0.418588,0.451253
1.880313,1.125205,0.351204,0.648501
1.616333,0.775659,0.303091,0.673010
1.311100,1.087926,0.175858,0.535040
2.073701,1.870471,0.344021,0.517782
1.112981,0.223425,0.198210,0.653086
1.407631,1.035236,0.201887,0.573656
1.272135,1.981223,0.244985,0.352423
1.827645,2.189986,0.314784,0.416585
1.364217,0.164934,0.314350,0.716297
0.658027,0.852621,0.086489,0.370154
2.284989,1.450081,0.447812,0.619687
1.735466,2.956543,0.433847,0.313074
0.962226,0.945969,0.112919,0.456346
1.904443,2.774642,0.401602,0.336374
1.492073,1.028624,0.227087,0.596768
1.184091,0.209869,0.228051,0.673580
2.494374,1.904102,0.446347,0.542578
1.495717,2.201829,0.290148,0.362771
0.634318,0.916455,0.092301,0.350202
0.781763,0.541662,0.083785,0.478978
1.230250,0.357310,0.220173,0.662013
0.760059,1.140702,0.116300,0.350868
2.277798,2.541547,0.393672,0.398924
1.109735,1.703031,0.196980,0.356803
1.187176,1.588248,0.185460,0.395817
1.879332,2.860856,0.416635,0.325955
2.108294,1.303749,0.408898,0.637141
0.880344,0.283739,0.117947,0.568786
2.426836,2.466489,0.406608,0.424054
1.060994,1.858015,0.222266,0.324202
2.595420,2.156769,0.444313,0.495503
0.612270,1.144164,0.120705,0.304274
1.524999,2.438246,0.331998,0.337825
1.259915,1.952340,0.240000,0.354113
1.378517,2.189738,0.283487,0.345002
0.444021,0.053545,0.056566,0.451815
1.624601,2.648853,0.372902,0.327820
2.281040,1.496279,0.438728,0.611488
1.673802,2.048096,0.282972,0.418431
1.854344,2.669467,0.382251,0.345109
1.844171,0.575052,0.444401,0.722748
0.746975,0.851334,0.089002,0.401584
0.040798,0.054031,0.052618,0.297676
1.634522,0.293517,0.411734,0.735648
0.965010,1.578273,0.176333,0.338938
1.075489,2.934892,0.437897,0.291786
1.770602,1.940108,0.286520,0.456752
1.072892,1.463319,0.163799,0.387500
1.419050,0.145860,0.344500,0.726258
0.480313,0.335456,0.054502,0.408543
0.297804,0.425501,0.058139,0.322299
0.692188,0.207128,0.082907,0.515842
1.541621,2.377668,0.321355,0.346942
1.592717,2.540025,0.352181,0.335130
1.823346,0.813536,0.382892,0.694114
1.124749,2.198340,0.285426,0.302007
1.665289,0.425416,0.395120,0.727002
1.666531,1.608407,0.254272,0.507587
0.907666,0.212647,0.132932,0.591709
2.373953,2.112816,0.401375,0.493721
1.221851,1.254517,0.161548,0.472469
0.586875,1.157963,0.124349,0.294391
1.639041,0.425227,0.383048,0.724876
0.887371,0.165235,0.133403,0.593922
2.314912,1.954462,0.397100,0.523345
1.677953,2.649408,0.373659,0.332470
1.595708,1.568564,0.239356,0.501145
1.504214,0.522672,0.301793,0.694466
1.055809,0.513021,0.142347,0.581136
1.307590,1.666621,0.204369,0.412165
2.316914,2.866700,0.428285,0.344572
0.715705,0.619204,0.076403,0.438038
1.978413,1.495451,0.340338,0.586887
1.971490,1.132722,0.385188,0.656752
1.694715,0.272983,0.445622,0.739375
1.145255,2.323801,0.309639,0.296513
1.108943,2.894485,0.429099,0.290754
1.734761,2.961578,0.435032,0.312733
1.055924,0.942203,0.125969,0.488135
0.315747,0.342460,0.052734,0.344525
0.848526,0.840830,0.096549,0.439657
0.874182,0.983422,0.105702,0.418795
2.525964,2.036515,0.440117,0.517540
1.888123,1.284636,0.332620,0.618645
0.858418,0.404013,0.102788,0.536477
2.529470,2.229677,0.426061,0.478243
1.177157,1.257906,0.155245,0.458563
1.752669,0.975875,0.325006,0.658798
2.574224,2.344205,0.428911,0.456547
1.163236,0.621602,0.162779,0.592700
1.140653,0.059555,0.239982,0.683919
1.290381,0.063036,0.303984,0.714259
1.579052,1.578269,0.236141,0.495043
1.230301,1.598705,0.190115,0.405114
1.239813,0.567153,0.192481,0.626106
2.544124,2.736090,0.428587,0.376891
0.931764,1.635772,0.185669,0.322306
1.451475,1.251098,0.206031,0.536908
1.847820,1.648757,0.295671,0.533180
1.151845,0.461247,0.176722,0.621655
0.605488,1.071339,0.110947,0.313570
1.054501,1.281631,0.143641,0.416591
1.110189,0.267397,0.190191,0.644904
1.985479,1.780305,0.325556,0.525603
1.367060,1.401694,0.191142,0.481277
1.395722,2.468995,0.336378,0.318984
0.779593,0.259764,0.096168,0.537481
1.323221,0.010675,0.331117,0.723749
1.683989,2.805074,0.403813,0.319788
1.075181,0.374296,0.163278,0.615258
0.802370,0.435217,0.089780,0.509517
1.550758,2.104453,0.278351,0.386711
2.092809,1.584206,0.367030,0.581724
1.481195,0.416494,0.312730,0.705928
1.063795,1.944359,0.238205,0.314731
2.429687,2.089172,0.413915,0.502373
1.944814,1.286235,0.352426,0.625786
0.991984,1.097941,0.123088,0.434131
1.999850,2.780218,0.404978,0.341534
2.011567,1.056962,0.414942,0.671548
1.692010,1.776179,0.264736,0.476346
1.634346,2.069019,0.281537,0.407506
1.005831,0.927316,0.118311,0.474997
2.250758,1.414039,0.441510,0.624793
0.535603,0.717144,0.074103,0.352914
2.479355,2.285704,0.415124,0.464109
1.000268,1.545251,0.171091,0.353476
1.843804,1.496178,0.300169,0.566445
0.955839,0.328218,0.132718,0.585653
1.076553,1.616486,0.183741,0.362009
1.429134,1.980241,0.252744,0.383935
1.086996,1.316853,0.149608,0.419085
1.355274,0.863745,0.198682,0.596886
1.649572,0.177634,0.447029,0.742378
1.293858,2.459008,0.334412,0.307577
1.655068,2.867100,0.415960,0.314296
0.388513,0.128777,0.050013,0.414975
1.338111,1.383878,0.185216,0.477265
1.175780,2.198803,0.284011,0.310168
1.947216,2.208080,0.330587,0.429855
1.470977,1.394533,0.210147,0.510045
1.547968,0.236025,0.383897,0.733355
0.098411,0.065840,0.049915,0.316553
0.604503,1.082469,0.112666,0.311720
1.999939,1.831819,0.327762,0.516367
1.978446,1.800518,0.323457,0.520165
2.483347,2.280073,0.415656,0.465487
1.666345,0.234769,0.441360,0.740620
0.776006,0.200783,0.101060,0.548075
0.819950,0.711993,0.089231,0.456597
1.520291,0.510115,0.310952,0.699178
1.395628,0.390246,0.280837,0.694185
0.434886,0.131027,0.052922,0.432414
0.832485,1.482485,0.163082,0.317570
1.807488,0.987683,0.344719,0.664496
1.729702,0.513147,0.405227,0.723191
2.485385,2.125040,0.423912,0.498001
1.200753,2.116306,0.268291,0.322631
1.532131,0.636032,0.292352,0.681937
0.838028,1.583816,0.179375,0.305533
0.613819,0.482573,0.065742,0.428826
1.872985,2.584185,0.369243,0.357778
1.291728,0.035129,0.310795,0.717341
0.602565,0.108391,0.074290,0.502134
1.570749,1.929517,0.259143,0.421338
1.927267,1.608226,0.317573,0.555077
1.871799,2.766909,0.399348,0.335151
1.613575,1.261782,0.248023,0.573573
1.690726,0.598074,0.368975,0.710323
1.654118,2.084162,0.285414,0.408391
0.650094,0.371566,0.069005,0.465721
1.207390,1.973881,0.242787,0.340722
1.324392,2.572316,0.357136,0.305124
1.278943,0.270799,0.255308,0.686803
1.191674,1.399609,0.166722,0.433233
1.359395,0.888888,0.198048,0.592704
1.803567,2.275854,0.321328,0.397768
1.659802,0.573004,0.359885,0.709777
1.299850,0.959564,0.177044,0.560237
1.273739,0.452178,0.220359,0.656754
1.137294,1.736402,0.202942,0.358319
1.847617,1.469759,0.302781,0.572858
2.119971,1.955036,0.352411,0.504726
1.360823,0.343052,0.275064,0.694061
1.628282,0.619248,0.336583,0.699968
2.310799,2.235792,0.386696,0.463263
1.715140,1.532955,0.265739,0.534313
2.478349,2.788353,0.427868,0.364505
1.982862,0.903694,0.433288,0.692097
1.739516,2.539344,0.355910,0.350541
1.813502,1.693710,0.287080,0.517415
2.214441,1.541463,0.410286,0.600414
2.527137,2.749862,0.428494,0.373450
1.533387,2.113921,0.278646,0.382192
2.076783,1.219866,0.411086,0.649650
2.009862,1.633871,0.338793,0.561347
1.873730,2.919308,0.427895,0.320312
1.823713,1.650151,0.289618,0.528633
1.714831,2.626476,0.370587,0.338111
1.718378,2.027322,0.286067,0.430038
1.688450,1.844525,0.267546,0.461334
1.597169,2.485231,0.342329,0.341664
1.697421,1.327520,0.268078,0.576626
2.098861,2.346015,0.359960,0.420727
2.100816,2.553375,0.379689,0.382665
2.109329,1.645502,0.366319,0.570544
0.948715,0.080741,0.164411,0.628242
0.826379,0.051626,0.130909,0.593807
1.661760,1.977492,0.274391,0.429672
1.157411,1.473009,0.170672,0.409344
1.978482,1.015034,0.409106,0.676326
1.006416,1.049943,0.122706,0.449016
2.051400,1.340293,0.382593,0.626153
1.476375,0.778282,0.248612,0.645015
1.067692,0.672968,0.133669,0.551302
0.690170,0.633564,0.074849,0.425917
1.646235,0.840071,0.304680,0.666525
1.739540,2.352506,0.326648,0.376453
1.605631,2.579403,0.359722,0.332209
1.581566,0.911004,0.269775,0.641271
0.957664,1.067662,0.118286,0.429403
2.358224,1.665438,0.438539,0.583727
0.442189,0.846199,0.091258,0.297807
2.395924,2.826067,0.426935,0.354269
1.409818,1.639273,0.212633,0.442534
1.062432,0.587401,0.138114,0.567825
0.819748,0.180840,0.113074,0.567738
0.963391,1.884489,0.229765,0.300203
0.725375,0.797438,0.084279,0.405021
1.173073,2.069855,0.259981,0.322343
1.701938,2.356301,0.325324,0.371078
1.985496,1.306212,0.363421,0.626318
0.907512,0.487259,0.107657,0.536121
1.670835,1.120312,0.276555,0.616230
0.882101,1.640751,0.187736,0.309419
1.814782,2.550547,0.361344,0.356682
1.960846,1.022072,0.400502,0.673812
0.701823,0.800986,0.083139,0.395729
1.068400,1.794514,0.211043,0.334187
1.277651,0.634047,0.197017,0.623739
0.575184,1.156424,0.124616,0.291097
1.031400,2.135806,0.275719,0.291032
2.575350,2.168634,0.439369,0.492701
1.545989,2.100895,0.277651,0.386577
0.158144,0.171183,0.050564,0.318919
1.855101,1.721246,0.296038,0.518709
0.857796,0.658506,0.094224,0.481584
1.883525,1.437200,0.315796,0.585768
0.893384,1.663146,0.190958,0.309355
1.410168,2.883275,0.420685,0.302172
1.598512,0.690861,0.309864,0.684309
2.136299,1.990877,0.355202,0.498802
1.419406,2.303143,0.305218,0.338202
1.316187,2.580829,0.358908,0.303612
1.586105,0.777860,0.290107,0.667109
1.574429,2.808857,0.404075,0.313048
1.327891,1.209332,0.179294,0.512657
0.993130,0.005523,0.193061,0.653207
0.503786,0.430978,0.057940,0.397959
1.838274,2.465831,0.349477,0.371133
1.140861,0.724978,0.148502,0.563594
0.298895,0.322676,0.052176,0.342253
1.079552,2.136333,0.273924,0.299087
0.971061,0.787402,0.111289,0.493518
2.404189,1.889228,0.424856,0.542303
1.892930,2.003663,0.309427,0.463415
0.916406,0.864719,0.104884,0.457814
1.332899,0.827290,0.195074,0.598541
0.704299,0.626936,0.075840,0.432447
1.851645,0.654149,0.429594,0.715479
1.520683,2.405059,0.325741,0.340975
2.199495,1.589215,0.399281,0.590315
1.017390,0.403817,0.142139,0.591060
0.828456,0.927383,0.098559,0.414415
1.105741,1.828894,0.216958,0.338036
2.076664,2.051379,0.343704,0.478869
1.695986,2.333917,0.321570,0.373719
1.591883,0.616318,0.321205,0.695073
2.242661,1.936859,0.380960,0.521253
1.735119,0.546640,0.400113,0.720039
1.612297,1.492169,0.241419,0.521638
2.331708,2.260198,0.390236,0.459686
1.355805,0.175625,0.308001,0.714019
0.918121,1.108237,0.118530,0.408219
1.501665,0.073267,0.400856,0.739716
1.874688,0.952074,0.378128,0.677797
1.732009,2.869682,0.417032,0.318232
2.042071,2.746234,0.401214,0.348409
1.287846,1.989889,0.247034,0.354416
1.799446,2.550728,0.360701,0.355453
2.293311,2.217948,0.383715,0.465619
1.423901,1.915222,0.243592,0.394160
1.314327,0.411318,0.243696,0.673495
2.180980,2.309913,0.368207,0.436245
1.785116,1.980138,0.291405,0.450878
0.417253,0.132225,0.051561,0.425154
1.803421,2.312367,0.326383,0.391250
0.698483,0.301689,0.078473,0.498622
1.488366,0.030730,0.405242,0.740516
1.427985,0.929761,0.215706,0.601936
0.166035,0.200956,0.051811,0.316137
1.174368,1.441904,0.168903,0.420202
1.518229,2.820521,0.406696,0.309319
1.635196,1.225377,0.256085,0.586373
1.908860,2.617033,0.375627,0.356461
1.584390,1.966062,0.264565,0.417225
1.438333,2.268529,0.299177,0.344980
1.659310,2.827557,0.408073,0.316941
1.507915,1.951686,0.255477,0.404767
1.205506,2.069984,0.259817,0.328364
2.118939,2.869488,0.422345,0.336360
1.609685,1.799403,0.252693,0.454747
1.393064,2.012482,0.255142,0.371947
1.765023,2.909757,0.424797,0.316805
0.429994,0.753959,0.081458,0.309417
2.405252,2.706149,0.416700,0.375930
2.415121,2.301151,0.403934,0.457068
1.504545,2.146805,0.281385,0.372039
1.414077,2.329611,0.309529,0.334340
2.101010,2.162781,0.350048,0.457972
1.594051,0.780325,0.292847,0.668237
1.116799,1.240994,0.146274,0.443838
0.602429,0.122954,0.073637,0.498899
1.884208,2.820313,0.408962,0.330151
1.194555,2.747030,0.396508,0.290346
1.119742,1.859338,0.222095,0.336768
1.510674,0.575607,0.294412,0.687767
1.675566,2.772048,0.397509,0.321886
1.736267,1.715844,0.270872,0.498055
0.649760,1.302312,0.142212,0.292228
0.526598,1.050978,0.112998,0.292191
1.941100,1.289605,0.350040,0.624477
0.976950,1.248511,0.135544,0.399335
0.819265,1.372886,0.146371,0.330401
2.338979,2.795331,0.421081,0.357072
1.254698,0.127201,0.274382,0.700740
1.006087,1.178218,0.130827,0.422343
0.976545,1.196516,0.130009,0.409306
2.259269,2.401918,0.382641,0.424606
1.024842,0.430681,0.141506,0.588335
2.078396,1.152928,0.423587,0.660576
1.628569,2.953565,0.433774,0.309511
2.055900,2.111390,0.341330,0.463476
1.035991,1.697692,0.195081,0.339644
2.257897,1.514185,0.428168,0.607579
1.658089,0.687554,0.336278,0.693976
1.335613,0.236165,0.286940,0.703488
1.579585,2.168106,0.289524,0.381513
1.322685,2.069843,0.261572,0.350345
2.351647,2.327164,0.394082,0.447514
1.304203,2.053655,0.258441,0.349173
1.675472,2.221906,0.304060,0.388029
1.299220,0.852548,0.183060,0.583780
2.088294,2.831705,0.416143,0.339955
1.968303,1.045145,0.399630,0.670910
1.681789,0.961084,0.299992,0.650374
1.268276,1.580838,0.191838,0.418173
1.127044,1.173170,0.144111,0.461209
0.471379,0.204566,0.054574,0.431812
1.032939,2.006678,0.250271,0.302312
0.750507,1.203403,0.124384,0.337064
0.453548,0.382025,0.054799,0.388854
1.200131,2.744764,0.396039,0.290884
1.918047,1.753058,0.309931,0.521648
1.915751,1.734865,0.309716,0.525308
1.259713,1.110152,0.164615,0.515119
1.318555,1.931255,0.239222,0.369460
0.779983,1.429846,0.156055,0.310855
2.176813,1.418210,0.415137,0.620874
1.442127,1.417276,0.204842,0.497645
1.062746,0.471082,0.148248,0.592429
1.823516,2.801637,0.404474,0.328375
1.477487,0.360229,0.323202,0.712431
0.191119,0.067573,0.046046,0.350933
0.121706,0.169946,0.052510,0.305477
2.265218,1.716135,0.404751,0.569449
2.285226,2.517988,0.392770,0.404067
1.242085,0.959445,0.163152,0.543319
2.208314,2.903266,0.429970,0.335294
1.422692,0.439400,0.282681,0.692202
1.494822,2.029830,0.264027,0.388898
2.557011,2.898577,0.440813,0.347451
2.206687,1.997537,0.369983,0.504802
1.757110,1.268738,0.290908,0.600821
1.694345,0.254888,0.449649,0.740272
1.730250,1.507737,0.269653,0.542900
1.274067,1.654408,0.199796,0.406203
2.367055,1.931385,0.411471,0.531714
1.044453,0.111021,0.192738,0.651788
0.392642,0.657402,0.073748,0.313680
0.584644,0.290296,0.063270,0.457841
2.274316,2.685123,0.405725,0.372506
2.345164,2.190126,0.393495,0.475668
0.774242,0.070315,0.114298,0.572424
1.470487,1.833681,0.238129,0.418612
0.908675,1.819525,0.219369,0.294982
2.054430,2.024058,0.338863,0.481871
0.720068,0.025249,0.106462,0.561540
1.954743,2.069425,0.322782,0.459135
1.374275,1.211296,0.188792,0.525330
2.580563,2.712522,0.429953,0.382867
1.645380,2.861303,0.414329,0.314359
1.692619,1.738438,0.263008,0.484604
1.445854,2.762508,0.394915,0.307025
1.453614,0.234268,0.339462,0.722703
1.312725,2.782690,0.401023,0.297934
0.874130,0.908918,0.101562,0.433888
0.607092,0.909978,0.091885,0.341990
1.037433,1.401188,0.154273,0.388807
0.679261,1.216573,0.128049,0.313423
0.839971,1.372530,0.146379,0.336367
1.368005,2.065001,0.262262,0.359740
1.240506,1.248264,0.163944,0.479061
0.737981,0.077481,0.104849,0.558233
1.579702,0.263365,0.392500,0.733893
1.239762,2.546121,0.353508,0.297269
1.089349,1.387484,0.156927,0.406329
2.260822,1.472564,0.435787,0.615106
2.510377,2.712371,0.424646,0.379941
2.551959,2.279914,0.427811,0.468964
0.741691,1.331067,0.142271,0.314380
0.504836,0.221035,0.056528,0.441141
1.806058,1.806742,0.286817,0.491065
1.419281,0.165085,0.339285,0.724657
1.761751,2.176746,0.306024,0.409188
1.994980,1.952769,0.326664,0.489367
1.204321,0.165803,0.244496,0.684812
1.834366,1.290057,0.314295,0.609751
2.096515,2.555845,0.379849,0.381771
1.468247,2.095934,0.272093,0.373529
0.882739,1.154018,0.120946,0.387707
1.321438,0.285863,0.269845,0.694219
1.520009,2.414200,0.327035,0.339643
2.548819,2.927566,0.442672,0.342337
0.941229,0.851130,0.107188,0.469352
0.897293,0.155318,0.137238,0.598752
1.324621,1.988823,0.248375,0.362001
1.974105,2.218784,0.334576,0.431205
1.044654,1.885942,0.227122,0.317241
0.887778,1.116749,0.117292,0.396733
2.393649,1.746465,0.438283,0.569818
