x,y,beta,gama,rx,ry
0,0,2.45424,2.77567,0.427323,0.36603
0,1,2.42054,2.7289,0.422287,0.373042
0,2,2.39092,2.66305,0.41645,0.383846
0,3,2.3763,2.58457,0.410873,0.397823
0,4,2.35853,2.51184,0.405236,0.410534
0,5,2.35378,2.44308,0.400978,0.423246
0,6,2.34343,2.38123,0.397132,0.434583
0,7,2.28708,2.34926,0.387797,0.435962
0,8,2.23167,2.29694,0.377463,0.440916
0,9,2.15069,2.22366,0.362632,0.445658
0,10,2.04275,2.09742,0.340962,0.456897
0,11,1.92419,1.93844,0.316269,0.472289
0,12,1.80317,1.75632,0.290194,0.490381
0,13,1.67587,1.54964,0.262506,0.510972
0,14,1.56749,1.37187,0.239081,0.527242
0,15,1.47535,1.22316,0.218933,0.539571
0,16,1.39533,1.10938,0.202037,0.545913
0,17,1.33389,1.03102,0.188765,0.547977
0,18,1.28132,0.970532,0.178588,0.54667
0,19,1.22232,0.916266,0.167357,0.541383
0,20,1.15448,0.863997,0.15639,0.530728
0,21,1.06462,0.806088,0.140949,0.514336
0,22,0.97396,0.760619,0.124936,0.494779
0,23,0.888192,0.724079,0.110918,0.47418
0,24,0.818794,0.709487,0.100004,0.454131
0,25,0.76717,0.66907,0.0942304,0.444523
0,26,0.711114,0.641791,0.08793,0.430656
0,27,0.656856,0.62806,0.083796,0.414271
0,28,0.604489,0.63084,0.0801681,0.395084
0,29,0.575218,0.571182,0.0770324,0.396137
0,30,0.536142,0.497956,0.0726324,0.396188
0,31,0.486587,0.428539,0.0675315,0.391564
0,32,0.431642,0.369697,0.063159,0.382764
0,33,0.379221,0.318354,0.0594098,0.373225
0,34,0.335407,0.268914,0.057151,0.366522
0,35,0.287972,0.214211,0.0550147,0.359419
1,0,2.40055,2.75806,0.423245,0.366622
1,1,2.38376,2.71997,0.419528,0.372752
1,2,2.35869,2.66062,0.413978,0.382424
1,3,2.34008,2.58899,0.408062,0.394721
1,4,2.3269,2.51708,0.402452,0.407418
1,5,2.31613,2.44982,0.397184,0.419351
1,6,2.29914,2.39578,0.39187,0.428368
1,7,2.2606,2.34895,0.384395,0.433903
1,8,2.20855,2.29197,0.374224,0.439899
1,9,2.13438,2.20909,0.359982,0.447441
1,10,2.03203,2.07669,0.339119,0.460661
1,11,1.91822,1.91157,0.314986,0.478082
1,12,1.80118,1.72785,0.289934,0.49726
1,13,1.68011,1.52336,0.263508,0.518879
1,14,1.57766,1.35097,0.24122,0.535539
1,15,1.49165,1.21057,0.222601,0.547544
1,16,1.4157,1.10239,0.206852,0.553507
1,17,1.35623,1.02623,0.19435,0.555512
1,18,1.30332,0.965979,0.184253,0.554115
1,19,1.24736,0.912084,0.173603,0.549838
1,20,1.18459,0.861547,0.163281,0.540754
1,21,1.09961,0.804031,0.148732,0.525943
1,22,1.01044,0.756501,0.133071,0.507237
1,23,0.921443,0.715171,0.117877,0.486775
1,24,0.850521,0.685847,0.106794,0.469215
1,25,0.790538,0.65271,0.098339,0.455671
1,26,0.736962,0.624813,0.0909597,0.443112
1,27,0.687745,0.606035,0.0865134,0.429611
1,28,0.643993,0.586576,0.082804,0.417925
1,29,0.608026,0.544207,0.0796828,0.413248
1,30,0.564666,0.481752,0.0753711,0.409715
1,31,0.514196,0.417626,0.0701422,0.403818
1,32,0.460451,0.358288,0.0658861,0.395632
1,33,0.411619,0.30633,0.0621569,0.387715
1,34,0.371954,0.260507,0.0594488,0.381948
1,35,0.347594,0.224546,0.0576729,0.379963
2,0,2.33136,2.74824,0.418922,0.364956
2,1,2.32356,2.71067,0.415459,0.371282
2,2,2.30883,2.65838,0.410486,0.379975
2,3,2.2951,2.59471,0.404732,0.390813
2,4,2.2835,2.52886,0.3991,0.402252
2,5,2.27055,2.46539,0.393225,0.413048
2,6,2.25306,2.40954,0.387494,0.422053
2,7,2.21962,2.34935,0.379621,0.430286
2,8,2.16962,2.2768,0.368861,0.439112
2,9,2.09722,2.17653,0.353892,0.4503
2,10,2.00173,2.0336,0.333662,0.466453
2,11,1.89699,1.86519,0.31094,0.485827
2,12,1.79087,1.68613,0.288156,0.505787
2,13,1.68129,1.49114,0.264263,0.527451
2,14,1.5879,1.33097,0.244176,0.543416
2,15,1.50998,1.20153,0.227471,0.554941
2,16,1.44043,1.09976,0.213653,0.560737
2,17,1.3823,1.02297,0.201855,0.563017
2,18,1.32902,0.960162,0.191565,0.562429
2,19,1.27489,0.90529,0.18102,0.559308
2,20,1.2173,0.856107,0.171497,0.551777
2,21,1.14043,0.799845,0.158173,0.539564
2,22,1.05819,0.751282,0.143536,0.523545
2,23,0.969819,0.70423,0.12843,0.504545
2,24,0.893954,0.666938,0.115817,0.487258
2,25,0.827119,0.632383,0.105286,0.472014
2,26,0.770023,0.60251,0.0964212,0.458918
2,27,0.724896,0.577417,0.0900878,0.44856
2,28,0.683773,0.549459,0.0858655,0.439572
2,29,0.647282,0.510655,0.0834076,0.434055
2,30,0.602846,0.457779,0.0794913,0.428357
2,31,0.552954,0.400404,0.0747067,0.421464
2,32,0.502807,0.344203,0.0701686,0.414145
2,33,0.459169,0.294194,0.0661207,0.407949
2,34,0.426692,0.252612,0.0632394,0.404171
2,35,0.409826,0.224275,0.0612691,0.40359
3,0,2.25687,2.74475,0.414888,0.361779
3,1,2.25443,2.70861,0.411483,0.367936
3,2,2.24925,2.66157,0.40708,0.37598
3,3,2.2427,2.60348,0.401701,0.385969
3,4,2.23506,2.5416,0.395851,0.396604
3,5,2.2231,2.47969,0.38932,0.406848
3,6,2.20483,2.41708,0.383007,0.41678
3,7,2.17134,2.34283,0.374025,0.427387
3,8,2.11999,2.24932,0.362012,0.439753
3,9,2.04802,2.1251,0.345672,0.45555
3,10,1.95946,1.97045,0.325844,0.474835
3,11,1.86675,1.80291,0.305124,0.495655
3,12,1.77548,1.6343,0.285456,0.515837
3,13,1.68238,1.45751,0.265464,0.536548
3,14,1.6019,1.31266,0.248767,0.551648
3,15,1.53259,1.19256,0.23452,0.562795
3,16,1.4689,1.0954,0.222119,0.56908
3,17,1.41364,1.01833,0.211291,0.572144
3,18,1.36184,0.953734,0.201438,0.572504
3,19,1.30901,0.896857,0.191469,0.570182
3,20,1.25538,0.848338,0.181873,0.564466
3,21,1.18616,0.794118,0.169498,0.554638
3,22,1.11139,0.744714,0.1555,0.541757
3,23,1.02622,0.693321,0.141224,0.524641
3,24,0.948852,0.650235,0.127631,0.508433
3,25,0.879454,0.611747,0.116122,0.493448
3,26,0.818901,0.578193,0.106126,0.480204
3,27,0.769847,0.548692,0.0986811,0.469549
3,28,0.728357,0.516082,0.0933548,0.461736
3,29,0.691395,0.477133,0.0891266,0.456501
3,30,0.650122,0.430093,0.0858024,0.450918
3,31,0.60304,0.378503,0.0812269,0.444085
3,32,0.555891,0.326663,0.0764056,0.437216
3,33,0.515339,0.279312,0.072159,0.431843
3,34,0.485198,0.23972,0.0686075,0.42873
3,35,0.466998,0.210202,0.0654487,0.428049
4,0,2.18673,2.74596,0.411473,0.357876
4,1,2.18784,2.71116,0.408013,0.36377
4,2,2.1876,2.66862,0.403988,0.371101
4,3,2.18594,2.61469,0.398838,0.380376
4,4,2.18341,2.55486,0.393012,0.390688
4,5,2.17452,2.48896,0.386262,0.401625
4,6,2.15489,2.41718,0.378453,0.412836
4,7,2.12033,2.32818,0.368322,0.425847
4,8,2.06669,2.20995,0.354451,0.442454
4,9,1.99506,2.06073,0.336727,0.462969
4,10,1.91528,1.89715,0.3176,0.4851
4,11,1.83554,1.73396,0.299307,0.506729
4,12,1.75833,1.57754,0.282227,0.526765
4,13,1.68261,1.42172,0.266488,0.546057
4,14,1.61562,1.29295,0.25323,0.560299
4,15,1.55572,1.18289,0.24146,0.571264
4,16,1.49882,1.09021,0.231067,0.578083
4,17,1.44736,1.01288,0.221554,0.582152
4,18,1.39854,0.94805,0.212402,0.583574
4,19,1.3474,0.890782,0.202705,0.582014
4,20,1.29644,0.843305,0.192795,0.577597
4,21,1.23376,0.789639,0.182024,0.569613
4,22,1.16342,0.737726,0.169448,0.558513
4,23,1.08227,0.681151,0.155134,0.544477
4,24,1.00709,0.632968,0.141659,0.530368
4,25,0.939249,0.590507,0.129172,0.517407
4,26,0.879754,0.55355,0.118631,0.50561
4,27,0.828157,0.519977,0.110269,0.495141
4,28,0.782407,0.483352,0.103536,0.486952
4,29,0.743012,0.443783,0.0987073,0.481219
4,30,0.704212,0.399964,0.0944642,0.476311
4,31,0.660562,0.354435,0.0896955,0.469734
4,32,0.616189,0.306562,0.0850193,0.463267
4,33,0.577905,0.262323,0.0801252,0.458411
4,34,0.549472,0.225047,0.07676,0.455601
4,35,0.531605,0.199769,0.0742943,0.454247
5,0,2.12054,2.74839,0.408666,0.353877
5,1,2.12428,2.71559,0.405392,0.359474
5,2,2.12732,2.67508,0.401214,0.366334
5,3,2.12939,2.62378,0.396058,0.375102
5,4,2.13091,2.56417,0.390042,0.385364
5,5,2.12425,2.49238,0.382747,0.397317
5,6,2.10658,2.40909,0.373625,0.410529
5,7,2.07069,2.30557,0.362708,0.425982
5,8,2.01617,2.16333,0.347327,0.446883
5,9,1.94771,1.99324,0.328766,0.47168
5,10,1.87854,1.82585,0.310394,0.496028
5,11,1.80935,1.66742,0.29466,0.517957
5,12,1.74408,1.52,0.280103,0.538109
5,13,1.68235,1.38237,0.267663,0.556055
5,14,1.62888,1.27111,0.257742,0.569211
5,15,1.57899,1.17183,0.248817,0.57987
5,16,1.52913,1.08377,0.240333,0.587361
5,17,1.48286,1.00795,0.232377,0.592474
5,18,1.43877,0.944875,0.22452,0.59484
5,19,1.39185,0.888932,0.216038,0.59413
5,20,1.34257,0.839162,0.207045,0.590529
5,21,1.28438,0.784467,0.196539,0.584859
5,22,1.22072,0.730144,0.185694,0.57643
5,23,1.14295,0.668634,0.171945,0.564881
5,24,1.06967,0.616125,0.158173,0.552887
5,25,1.00142,0.571362,0.144143,0.541084
5,26,0.942458,0.532609,0.132065,0.530697
5,27,0.888518,0.494718,0.123164,0.520423
5,28,0.840171,0.453989,0.116399,0.512149
5,29,0.799158,0.412311,0.110265,0.506821
5,30,0.762393,0.370169,0.104867,0.502969
5,31,0.722033,0.329005,0.100914,0.496684
5,32,0.681089,0.284131,0.0962423,0.491106
5,33,0.645569,0.242461,0.0914756,0.486996
5,34,0.618243,0.207018,0.087394,0.484579
5,35,0.598385,0.178119,0.0837621,0.483582
6,0,2.05799,2.7518,0.406444,0.349868
6,1,2.06545,2.71839,0.402871,0.355533
6,2,2.07134,2.68,0.398698,0.361998
6,3,2.07738,2.62822,0.393109,0.370734
6,4,2.08135,2.56724,0.387067,0.381287
6,5,2.07572,2.48952,0.379131,0.394161
6,6,2.05799,2.3961,0.369417,0.40906
6,7,2.02313,2.27476,0.357131,0.427788
6,8,1.97138,2.11461,0.341066,0.452262
6,9,1.9094,1.93284,0.322906,0.47991
6,10,1.84679,1.75938,0.305837,0.505976
6,11,1.78701,1.60371,0.291277,0.528863
6,12,1.73095,1.46618,0.278961,0.548329
6,13,1.68079,1.34429,0.268394,0.565319
6,14,1.63889,1.2502,0.261353,0.576987
6,15,1.598,1.16076,0.254726,0.587537
6,16,1.55369,1.0758,0.248148,0.595488
6,17,1.51319,1.00195,0.241869,0.601726
6,18,1.47579,0.942835,0.235724,0.605075
6,19,1.43538,0.887399,0.229305,0.605912
6,20,1.39164,0.835749,0.222379,0.604062
6,21,1.33825,0.777666,0.21369,0.600424
6,22,1.2797,0.719765,0.204084,0.59463
6,23,1.20688,0.654707,0.191357,0.585761
6,24,1.13732,0.599366,0.178027,0.57605
6,25,1.0696,0.552105,0.164185,0.565088
6,26,1.00698,0.509401,0.151722,0.554299
6,27,0.951394,0.469034,0.141546,0.544567
6,28,0.899333,0.425581,0.132277,0.536538
6,29,0.855156,0.384947,0.123338,0.531002
6,30,0.819683,0.344831,0.11804,0.527396
6,31,0.7834,0.302592,0.114351,0.523115
6,32,0.748053,0.259446,0.109822,0.519663
6,33,0.716989,0.221448,0.104973,0.516865
6,34,0.690813,0.190761,0.10051,0.514205
6,35,0.670556,0.169283,0.0969814,0.511591
7,0,2.00526,2.74907,0.403619,0.346954
7,1,2.0164,2.71138,0.399407,0.353318
7,2,2.02704,2.67064,0.394978,0.360344
7,3,2.03373,2.61802,0.389285,0.369243
7,4,2.03504,2.55415,0.382468,0.379873
7,5,2.02822,2.47221,0.374201,0.393368
7,6,2.01042,2.36829,0.364078,0.410215
7,7,1.97819,2.23276,0.351208,0.431812
7,8,1.93229,2.06087,0.335394,0.459132
7,9,1.87794,1.87224,0.31822,0.488958
7,10,1.82265,1.69645,0.302412,0.516365
7,11,1.77154,1.54618,0.289517,0.539418
7,12,1.72387,1.4193,0.279202,0.558014
7,13,1.68368,1.31319,0.271088,0.573311
7,14,1.64889,1.23157,0.265616,0.583629
7,15,1.61169,1.14652,0.26027,0.593818
7,16,1.57343,1.06423,0.255346,0.602736
7,17,1.53842,0.993455,0.250343,0.609988
7,18,1.50809,0.937641,0.246627,0.614009
7,19,1.47542,0.884455,0.242326,0.616512
7,20,1.43819,0.830192,0.237821,0.616853
7,21,1.39214,0.76966,0.231407,0.615966
7,22,1.34088,0.708629,0.224286,0.612897
7,23,1.2746,0.641275,0.213322,0.606715
7,24,1.21038,0.582899,0.201237,0.599736
7,25,1.1459,0.531886,0.189148,0.590248
7,26,1.08439,0.484048,0.176747,0.581454
7,27,1.02607,0.441019,0.165912,0.571506
7,28,0.969223,0.39678,0.154514,0.562754
7,29,0.919799,0.356278,0.143742,0.555993
7,30,0.879888,0.31627,0.136145,0.551717
7,31,0.844669,0.274328,0.130712,0.548815
7,32,0.812297,0.234241,0.124816,0.546771
7,33,0.784842,0.20132,0.119086,0.544976
7,34,0.759926,0.175133,0.114324,0.542143
7,35,0.738747,0.153962,0.110066,0.539472
8,0,1.96361,2.71123,0.395878,0.348797
8,1,1.9747,2.68573,0.393511,0.353796
8,2,1.98629,2.64613,0.389394,0.360889
8,3,1.99265,2.5905,0.383323,0.370305
8,4,1.99269,2.52252,0.37565,0.381382
8,5,1.98474,2.43722,0.367459,0.395597
8,6,1.96729,2.32563,0.357395,0.414098
8,7,1.93913,2.18121,0.344996,0.43799
8,8,1.9006,2.0038,0.330334,0.467345
8,9,1.85503,1.81507,0.314779,0.498321
8,10,1.80873,1.64575,0.30051,0.525641
8,11,1.76418,1.50265,0.289926,0.548095
8,12,1.72334,1.38338,0.280936,0.566279
8,13,1.69002,1.28906,0.273687,0.580614
8,14,1.66174,1.21662,0.270855,0.589682
8,15,1.62866,1.13235,0.267359,0.600305
8,16,1.59472,1.05175,0.26391,0.609765
8,17,1.56416,0.983504,0.260512,0.61729
8,18,1.53817,0.929657,0.257562,0.62255
8,19,1.51197,0.875849,0.256026,0.626229
8,20,1.481,0.819615,0.253625,0.628808
8,21,1.44195,0.756979,0.249734,0.630244
8,22,1.39996,0.69594,0.24502,0.630235
8,23,1.3428,0.628411,0.237037,0.626559
8,24,1.28443,0.565687,0.227887,0.621669
8,25,1.2259,0.508243,0.218078,0.615487
8,26,1.16742,0.455671,0.207231,0.60857
8,27,1.11086,0.409671,0.196271,0.600539
8,28,1.05309,0.365047,0.183963,0.59223
8,29,0.999332,0.324481,0.171496,0.584728
8,30,0.951772,0.284887,0.160433,0.578969
8,31,0.909567,0.246731,0.150476,0.574506
8,32,0.871783,0.212536,0.140644,0.57076
8,33,0.841878,0.185734,0.131738,0.568115
8,34,0.817151,0.163497,0.127109,0.564513
8,35,0.795844,0.143187,0.122778,0.561739
9,0,1.92567,2.66303,0.386816,0.351944
9,1,1.93691,2.64102,0.385177,0.356903
9,2,1.94698,2.60391,0.38156,0.363883
9,3,1.95306,2.54718,0.375604,0.373745
9,4,1.95369,2.47644,0.368257,0.385737
9,5,1.94687,2.38615,0.359458,0.400915
9,6,1.93119,2.26884,0.349862,0.420984
9,7,1.90832,2.11951,0.338744,0.446794
9,8,1.87813,1.94349,0.326046,0.477144
9,9,1.84238,1.76435,0.313188,0.507643
9,10,1.80408,1.60432,0.301716,0.534242
9,11,1.76705,1.4705,0.29262,0.555937
9,12,1.73309,1.36336,0.285408,0.5726
9,13,1.70393,1.27409,0.280475,0.585974
9,14,1.67856,1.20011,0.278187,0.596265
9,15,1.65045,1.1178,0.276429,0.60744
9,16,1.62189,1.03885,0.274883,0.617662
9,17,1.59624,0.972228,0.273301,0.625821
9,18,1.57384,0.917738,0.271995,0.631817
9,19,1.55117,0.864098,0.271588,0.636543
9,20,1.52477,0.807547,0.270794,0.640442
9,21,1.48964,0.744425,0.268081,0.643309
9,22,1.4527,0.685664,0.263736,0.645343
9,23,1.40624,0.614816,0.260758,0.644179
9,24,1.3572,0.545173,0.256135,0.642718
9,25,1.3066,0.481841,0.249551,0.64008
9,26,1.25426,0.425341,0.24095,0.63597
9,27,1.20094,0.378083,0.230419,0.629844
9,28,1.14432,0.333967,0.217646,0.622553
9,29,1.08776,0.294448,0.203389,0.614864
9,30,1.03262,0.257706,0.188521,0.607337
9,31,0.98053,0.225781,0.173444,0.599838
9,32,0.932664,0.199102,0.158915,0.592334
9,33,0.894273,0.177681,0.146699,0.586461
9,34,0.866626,0.158351,0.140008,0.581923
9,35,0.843272,0.139049,0.134305,0.578748
10,0,1.88477,2.5957,0.37508,0.356903
10,1,1.89596,2.57894,0.374264,0.361821
10,2,1.90568,2.54216,0.371054,0.369219
10,3,1.9123,2.48587,0.365761,0.379627
10,4,1.91528,2.41321,0.359148,0.392741
10,5,1.91194,2.31816,0.350956,0.409617
10,6,1.90181,2.19597,0.342499,0.431683
10,7,1.88578,2.04426,0.332539,0.459087
10,8,1.86441,1.87727,0.322152,0.489084
10,9,1.83807,1.7149,0.312409,0.517756
10,10,1.80833,1.56926,0.303913,0.542808
10,11,1.7788,1.44725,0.29717,0.563257
10,12,1.7515,1.34901,0.292367,0.579063
10,13,1.72649,1.26059,0.289128,0.592885
10,14,1.70281,1.18626,0.287753,0.603514
10,15,1.67753,1.10462,0.287241,0.615079
10,16,1.65322,1.02655,0.287329,0.626033
10,17,1.63223,0.961935,0.287388,0.634796
10,18,1.61248,0.907426,0.287283,0.641338
10,19,1.59216,0.85317,0.287956,0.64675
10,20,1.56938,0.7974,0.28846,0.651431
10,21,1.538,0.734878,0.287351,0.654877
10,22,1.50384,0.670365,0.285976,0.657633
10,23,1.46328,0.596198,0.284756,0.659529
10,24,1.42265,0.522242,0.283512,0.661323
10,25,1.37945,0.455406,0.27968,0.661723
10,26,1.33282,0.397261,0.272657,0.660183
10,27,1.28373,0.349831,0.263193,0.655669
10,28,1.22976,0.306898,0.25045,0.649666
10,29,1.17278,0.269219,0.235055,0.64238
10,30,1.11392,0.236407,0.217654,0.63395
10,31,1.05515,0.211648,0.198787,0.623987
10,32,0.999268,0.192536,0.180248,0.613345
10,33,0.952617,0.175871,0.165012,0.604295
10,34,0.917832,0.159899,0.154563,0.597765
10,35,0.889954,0.152788,0.146792,0.590615
11,0,1.83182,2.50643,0.359939,0.363155
11,1,1.84871,2.49379,0.360109,0.36909
11,2,1.86074,2.46107,0.357887,0.376808
11,3,1.87045,2.40753,0.353908,0.387783
11,4,1.87855,2.33577,0.348986,0.40213
11,5,1.88183,2.23576,0.342668,0.421545
11,6,1.87951,2.10696,0.335027,0.446241
11,7,1.87199,1.95813,0.326461,0.474514
11,8,1.85915,1.80843,0.318405,0.502525
11,9,1.84135,1.66957,0.311954,0.527953
11,10,1.81969,1.54257,0.306674,0.550591
11,11,1.79687,1.43279,0.302611,0.569613
11,12,1.77422,1.33956,0.299614,0.585216
11,13,1.75288,1.25248,0.297767,0.599558
11,14,1.73169,1.18006,0.297973,0.609877
11,15,1.70828,1.09764,0.298644,0.621904
11,16,1.68611,1.01909,0.299861,0.633403
11,17,1.66761,0.956074,0.300604,0.642732
11,18,1.65011,0.902182,0.301885,0.649151
11,19,1.63071,0.84672,0.303071,0.65527
11,20,1.6097,0.790201,0.30426,0.660848
11,21,1.58512,0.728149,0.306352,0.665007
11,22,1.55491,0.658844,0.307691,0.669132
11,23,1.5165,0.579756,0.307918,0.672761
11,24,1.47949,0.502195,0.308463,0.676361
11,25,1.44093,0.433562,0.306304,0.678781
11,26,1.39708,0.374914,0.300269,0.678219
11,27,1.35087,0.328006,0.290816,0.675526
11,28,1.29982,0.28703,0.278135,0.670777
11,29,1.24411,0.250414,0.262391,0.664437
11,30,1.18623,0.219891,0.244408,0.656636
11,31,1.12596,0.203026,0.223394,0.645496
11,32,1.06493,0.194956,0.201212,0.631894
11,33,1.01299,0.183445,0.183039,0.620963
11,34,0.972106,0.17759,0.16947,0.610759
11,35,0.93945,0.17338,0.15936,0.601981
12,0,1.77028,2.40665,0.342771,0.369798
12,1,1.79648,2.39966,0.344373,0.377007
12,2,1.81592,2.37345,0.344146,0.385267
12,3,1.83202,2.32377,0.341653,0.396952
12,4,1.84715,2.25162,0.339091,0.413149
12,5,1.85925,2.14646,0.334547,0.435445
12,6,1.86619,2.01584,0.328369,0.462243
12,7,1.86675,1.8765,0.321317,0.490102
12,8,1.8611,1.75026,0.31498,0.514653
12,9,1.84985,1.63462,0.311911,0.536646
12,10,1.835,1.52507,0.309506,0.556938
12,11,1.81839,1.42829,0.307946,0.574306
12,12,1.80013,1.34161,0.307272,0.589086
12,13,1.78116,1.25525,0.307044,0.603412
12,14,1.76343,1.18001,0.308828,0.615003
12,15,1.74316,1.09798,0.310953,0.627429
12,16,1.72237,1.0209,0.312821,0.638861
12,17,1.70344,0.957226,0.314106,0.647914
12,18,1.68651,0.902457,0.315472,0.655281
12,19,1.66921,0.846451,0.318204,0.661313
12,20,1.6508,0.787506,0.321329,0.667464
12,21,1.62835,0.723554,0.324025,0.67342
12,22,1.60097,0.653664,0.326781,0.678137
12,23,1.56346,0.571928,0.327866,0.682587
12,24,1.52722,0.490596,0.329344,0.687239
12,25,1.49009,0.419221,0.328353,0.690401
12,26,1.44583,0.361712,0.321249,0.690749
12,27,1.40041,0.316674,0.311103,0.688958
12,28,1.3509,0.27848,0.298052,0.684773
12,29,1.29535,0.243661,0.281602,0.678803
12,30,1.24054,0.207886,0.265244,0.673211
12,31,1.17963,0.206273,0.240812,0.66018
12,32,1.11808,0.211944,0.216414,0.644067
12,33,1.06518,0.210911,0.196438,0.631105
12,34,1.02347,0.208833,0.181662,0.620432
12,35,0.987337,0.206786,0.169932,0.610428
13,0,1.70133,2.31055,0.325687,0.375181
13,1,1.7373,2.30606,0.329314,0.38393
13,2,1.76647,2.28194,0.33083,0.394025
13,3,1.79184,2.23398,0.3305,0.407533
13,4,1.81669,2.15969,0.329267,0.426036
13,5,1.83975,2.05525,0.326765,0.450286
13,6,1.85648,1.93171,0.322769,0.477538
13,7,1.86481,1.80884,0.317883,0.503553
13,8,1.86507,1.70479,0.313432,0.524662
13,9,1.85925,1.60687,0.312781,0.544016
13,10,1.84991,1.51198,0.312104,0.56228
13,11,1.84032,1.42684,0.313448,0.578283
13,12,1.82884,1.34617,0.315678,0.592694
13,13,1.81553,1.26127,0.31804,0.607381
13,14,1.80122,1.18583,0.321125,0.619672
13,15,1.7842,1.10663,0.324403,0.632074
13,16,1.76586,1.03264,0.327146,0.643246
13,17,1.74712,0.968907,0.328941,0.652263
13,18,1.73052,0.910645,0.331722,0.65968
13,19,1.71459,0.851498,0.335556,0.666828
13,20,1.69769,0.79101,0.339649,0.673743
13,21,1.67411,0.726349,0.342143,0.679789
13,22,1.64526,0.657127,0.343779,0.685132
13,23,1.60648,0.578135,0.343521,0.689725
13,24,1.56724,0.495577,0.344002,0.694282
13,25,1.5337,0.416263,0.346348,0.698971
13,26,1.48106,0.365568,0.333753,0.698069
13,27,1.43654,0.32029,0.323555,0.697304
13,28,1.38794,0.284212,0.310396,0.693086
13,29,1.33081,0.261841,0.29073,0.685295
13,30,1.27222,0.24463,0.269941,0.675607
13,31,1.21322,0.241111,0.246711,0.663255
13,32,1.15755,0.246691,0.223529,0.649687
13,33,1.11043,0.25173,0.204157,0.637783
13,34,1.07152,0.253376,0.189682,0.627368
13,35,1.03517,0.252561,0.177609,0.617134
14,0,1.66382,2.2323,0.314029,0.381721
14,1,1.7058,2.22665,0.318541,0.3921
14,2,1.74225,2.20032,0.32082,0.404249
14,3,1.7759,2.15314,0.322123,0.419423
14,4,1.81047,2.08087,0.322795,0.439412
14,5,1.84111,1.98366,0.322323,0.463808
14,6,1.86391,1.87439,0.320868,0.489534
14,7,1.87677,1.76925,0.31871,0.513008
14,8,1.8803,1.67816,0.317006,0.532278
14,9,1.87838,1.59348,0.3173,0.549494
14,10,1.87357,1.51088,0.318659,0.565815
14,11,1.86809,1.43189,0.321493,0.58109
14,12,1.86189,1.35367,0.325292,0.595933
14,13,1.85345,1.27211,0.329182,0.610854
14,14,1.8432,1.20029,0.333778,0.622922
14,15,1.82927,1.12507,0.338103,0.634961
14,16,1.81315,1.0552,0.341446,0.64571
14,17,1.79681,0.991892,0.344824,0.654477
14,18,1.77983,0.929697,0.348419,0.662591
14,19,1.76172,0.865791,0.352411,0.670486
14,20,1.74289,0.803609,0.356138,0.677803
14,21,1.71597,0.739566,0.357298,0.683575
14,22,1.68143,0.672159,0.35629,0.6882
14,23,1.63643,0.598857,0.352048,0.691947
14,24,1.58852,0.521878,0.348033,0.694304
14,25,1.54128,0.452031,0.342471,0.696062
14,26,1.49148,0.396318,0.332639,0.695573
14,27,1.44262,0.353908,0.320415,0.693171
14,28,1.39434,0.32358,0.306107,0.688611
14,29,1.34266,0.305218,0.288154,0.681229
14,30,1.28677,0.294235,0.267506,0.671179
14,31,1.22943,0.292149,0.244763,0.659017
14,32,1.17612,0.296595,0.222364,0.646591
14,33,1.13238,0.302926,0.203393,0.635966
14,34,1.0983,0.308411,0.190377,0.625998
14,35,1.06492,0.309634,0.179097,0.616227
15,0,1.63843,2.16358,0.306374,0.387988
15,1,1.6911,2.15845,0.311162,0.401174
15,2,1.73411,2.13137,0.313156,0.414987
15,3,1.77464,2.08458,0.316027,0.431386
15,4,1.81671,2.017,0.318785,0.451935
15,5,1.85273,1.92931,0.319943,0.475507
15,6,1.87986,1.83498,0.321182,0.499158
15,7,1.89638,1.74495,0.321512,0.520349
15,8,1.90361,1.66413,0.3219,0.53825
15,9,1.90502,1.58844,0.323791,0.554111
15,10,1.90398,1.51531,0.326345,0.56904
15,11,1.90244,1.44128,0.330766,0.583796
15,12,1.89988,1.3671,0.335831,0.598352
15,13,1.89477,1.29097,0.340967,0.612547
15,14,1.8876,1.22359,0.346262,0.624364
15,15,1.87692,1.1539,0.351461,0.635821
15,16,1.86433,1.08764,0.356148,0.646177
15,17,1.84943,1.02687,0.359962,0.654803
15,18,1.83006,0.964328,0.362948,0.662807
15,19,1.80583,0.896459,0.365491,0.670712
15,20,1.78277,0.829323,0.368463,0.67877
15,21,1.74811,0.764644,0.366772,0.683902
15,22,1.71105,0.699475,0.364856,0.6875
15,23,1.65461,0.633456,0.35506,0.688073
15,24,1.59835,0.563355,0.346015,0.689015
15,25,1.54493,0.501439,0.335948,0.689499
15,26,1.49269,0.449365,0.325184,0.687201
15,27,1.44056,0.410403,0.311277,0.683363
15,28,1.39044,0.385248,0.295182,0.677852
15,29,1.34137,0.371564,0.277439,0.6704
15,30,1.28948,0.362506,0.258343,0.660747
15,31,1.23601,0.359763,0.23742,0.649468
15,32,1.18622,0.36165,0.217068,0.63809
15,33,1.14549,0.366212,0.199773,0.62828
15,34,1.11324,0.371581,0.186786,0.619357
15,35,1.08362,0.372372,0.17627,0.611171
16,0,1.62911,2.10975,0.301646,0.395026
16,1,1.6901,2.10484,0.307314,0.410066
16,2,1.74073,2.07829,0.310776,0.425289
16,3,1.78729,2.0331,0.313677,0.442436
16,4,1.83291,1.97069,0.317396,0.462656
16,5,1.87309,1.89252,0.32061,0.48518
16,6,1.90226,1.81107,0.323046,0.50665
16,7,1.92068,1.7345,0.325301,0.525451
16,8,1.93084,1.6615,0.327713,0.542229
16,9,1.93591,1.59192,0.330876,0.557419
16,10,1.93783,1.52426,0.334641,0.571651
16,11,1.93901,1.45494,0.340047,0.585827
16,12,1.93914,1.38467,0.346025,0.600036
16,13,1.93627,1.31455,0.351667,0.613487
16,14,1.93042,1.25278,0.357099,0.624444
16,15,1.92143,1.18733,0.362783,0.635299
16,16,1.91159,1.12356,0.368454,0.645587
16,17,1.89868,1.06679,0.372616,0.653867
16,18,1.87631,1.00911,0.373942,0.6607
16,19,1.84487,0.944203,0.37352,0.667105
16,20,1.80782,0.876497,0.371618,0.67299
16,21,1.765,0.809727,0.367551,0.677161
16,22,1.71812,0.747108,0.36148,0.679232
16,23,1.65998,0.684477,0.351013,0.678937
16,24,1.59925,0.622853,0.339028,0.677931
16,25,1.54081,0.568321,0.326335,0.67591
16,26,1.48405,0.5234,0.312335,0.672223
16,27,1.42931,0.490453,0.296362,0.667021
16,28,1.37803,0.468857,0.278926,0.660973
16,29,1.33171,0.457517,0.260913,0.654562
16,30,1.28317,0.449239,0.244178,0.644573
16,31,1.23397,0.445272,0.225608,0.634078
16,32,1.189,0.443059,0.207892,0.624373
16,33,1.15078,0.441377,0.192609,0.616063
16,34,1.12068,0.440823,0.180265,0.609336
16,35,1.09337,0.436326,0.172023,0.602285
17,0,1.63717,2.07802,0.300581,0.402382
17,1,1.70326,2.06761,0.306383,0.418936
17,2,1.75871,2.03917,0.310232,0.43507
17,3,1.80689,1.99659,0.312419,0.45191
17,4,1.8556,1.94081,0.318006,0.471343
17,5,1.89822,1.87064,0.322421,0.492681
17,6,1.92763,1.80032,0.325394,0.511986
17,7,1.94801,1.73568,0.329596,0.528555
17,8,1.9621,1.66989,0.334016,0.544362
17,9,1.97038,1.60714,0.338265,0.558597
17,10,1.97412,1.54406,0.342927,0.572073
17,11,1.97595,1.47668,0.348607,0.586069
17,12,1.97583,1.40829,0.354646,0.6
17,13,1.97152,1.34132,0.359567,0.613076
17,14,1.96592,1.28619,0.364703,0.622693
17,15,1.95773,1.22477,0.370544,0.632816
17,16,1.94806,1.16265,0.376256,0.642927
17,17,1.93932,1.10633,0.381954,0.651883
17,18,1.91082,1.05666,0.37999,0.656618
17,19,1.87748,0.999165,0.378174,0.661205
17,20,1.82918,0.941432,0.370981,0.663503
17,21,1.77572,0.878353,0.362977,0.665233
17,22,1.71846,0.819011,0.353082,0.66508
17,23,1.65367,0.762785,0.339782,0.662539
17,24,1.58864,0.712203,0.325085,0.658745
17,25,1.52553,0.668241,0.309421,0.653961
17,26,1.46523,0.630562,0.293036,0.648502
17,27,1.40959,0.601579,0.276039,0.642543
17,28,1.35897,0.579788,0.258934,0.636511
17,29,1.31334,0.56541,0.242433,0.629975
17,30,1.26849,0.55638,0.226288,0.621677
17,31,1.22495,0.548318,0.210393,0.613197
17,32,1.18553,0.538228,0.19587,0.606106
17,33,1.15126,0.527308,0.183621,0.600125
17,34,1.12216,0.515495,0.173906,0.595165
17,35,1.09548,0.505259,0.165808,0.589849
18,0,1.66315,2.0659,0.302606,0.410665
18,1,1.72726,2.04538,0.307266,0.427473
18,2,1.78458,2.01446,0.311411,0.44371
18,3,1.83502,1.97514,0.315429,0.460155
18,4,1.88372,1.92361,0.320494,0.478525
18,5,1.92537,1.86252,0.325387,0.497734
18,6,1.95539,1.80279,0.329578,0.514828
18,7,1.97759,1.74577,0.334674,0.530008
18,8,1.99467,1.68695,0.340117,0.544755
18,9,2.0056,1.63222,0.344886,0.557754
18,10,2.01099,1.57511,0.350303,0.570029
18,11,2.01321,1.51027,0.35633,0.583483
18,12,2.01137,1.44402,0.361802,0.596886
18,13,2.00495,1.37943,0.366365,0.609056
18,14,1.99746,1.32363,0.370979,0.618853
18,15,1.9872,1.26687,0.375312,0.628316
18,16,1.97394,1.21128,0.378794,0.637021
18,17,1.95581,1.16158,0.380275,0.643616
18,18,1.92672,1.11437,0.378144,0.647676
18,19,1.88673,1.06433,0.373125,0.650041
18,20,1.83742,1.01539,0.364929,0.650411
18,21,1.77731,0.963408,0.353749,0.648795
18,22,1.71028,0.913494,0.339814,0.645122
18,23,1.63702,0.868419,0.322698,0.638897
18,24,1.56643,0.831158,0.304628,0.631637
18,25,1.50019,0.799087,0.286436,0.624117
18,26,1.43946,0.768393,0.268972,0.61735
18,27,1.3855,0.740066,0.25247,0.611533
18,28,1.33675,0.71399,0.236593,0.606465
18,29,1.29282,0.693381,0.221124,0.601444
18,30,1.25177,0.677346,0.207343,0.595155
18,31,1.21438,0.660662,0.194832,0.589608
18,32,1.18012,0.639192,0.18396,0.585578
18,33,1.15033,0.617689,0.174219,0.582793
18,34,1.12181,0.599198,0.166751,0.578559
18,35,1.09573,0.582001,0.160149,0.574485
19,0,1.70002,2.04091,0.301675,0.421431
19,1,1.76052,2.0285,0.308195,0.436298
19,2,1.81704,1.99915,0.313107,0.451746
19,3,1.86799,1.96341,0.317975,0.467244
19,4,1.91439,1.91874,0.323533,0.483649
19,5,1.95426,1.86731,0.329034,0.500373
19,6,1.98491,1.81709,0.334258,0.515397
19,7,2.00861,1.76732,0.340175,0.52908
19,8,2.0277,1.71564,0.346106,0.542524
19,9,2.04076,1.66812,0.351462,0.554193
19,10,2.0499,1.61888,0.357622,0.565219
19,11,2.05346,1.56107,0.363662,0.577332
19,12,2.051,1.49866,0.368977,0.589753
19,13,2.04167,1.43425,0.372942,0.601566
19,14,2.02853,1.37559,0.375908,0.61171
19,15,2.01158,1.31874,0.377741,0.620952
19,16,1.9941,1.26724,0.379009,0.628767
19,17,1.96802,1.22509,0.376781,0.63307
19,18,1.93442,1.18338,0.373281,0.635015
19,19,1.88674,1.1397,0.365504,0.634911
19,20,1.83035,1.10031,0.353892,0.632664
19,21,1.76332,1.06323,0.33974,0.626477
19,22,1.68675,1.0281,0.321496,0.618086
19,23,1.60534,0.996835,0.30022,0.607748
19,24,1.53029,0.972363,0.279062,0.597306
19,25,1.46437,0.950187,0.259586,0.588091
19,26,1.40792,0.923738,0.242941,0.581389
19,27,1.35914,0.892517,0.228635,0.576972
19,28,1.31455,0.857946,0.215393,0.574022
19,29,1.27337,0.824673,0.202712,0.571489
19,30,1.2361,0.79727,0.190588,0.568515
19,31,1.20402,0.771346,0.180956,0.565875
19,32,1.17338,0.741322,0.173489,0.56373
19,33,1.14381,0.71184,0.166126,0.561731
19,34,1.11646,0.68846,0.15942,0.558791
19,35,1.09064,0.666686,0.153927,0.555434
20,0,1.7398,2.02651,0.30159,0.431143
20,1,1.79745,2.01505,0.309013,0.444637
20,2,1.85143,1.99107,0.314853,0.4586
20,3,1.89875,1.96062,0.319744,0.472311
20,4,1.94268,1.92323,0.326378,0.486579
20,5,1.98174,1.88185,0.332568,0.500867
20,6,2.01309,1.8417,0.338813,0.513572
20,7,2.03993,1.80021,0.345612,0.525707
20,8,2.06279,1.75633,0.352593,0.537716
20,9,2.08044,1.71496,0.359062,0.548438
20,10,2.0925,1.6746,0.365015,0.558133
20,11,2.09843,1.62667,0.371095,0.56834
20,12,2.09584,1.57049,0.375976,0.579428
20,13,2.08224,1.50683,0.378759,0.590733
20,14,2.06155,1.44444,0.379756,0.601095
20,15,2.03537,1.38408,0.379347,0.609944
20,16,2.00795,1.33098,0.377746,0.617023
20,17,1.97529,1.29229,0.373114,0.619991
20,18,1.93459,1.25788,0.367235,0.619363
20,19,1.87739,1.22469,0.356094,0.615559
20,20,1.81069,1.19713,0.341102,0.608813
20,21,1.7336,1.17427,0.322188,0.598535
20,22,1.64994,1.15236,0.300263,0.586411
20,23,1.56416,1.12944,0.276371,0.573737
20,24,1.48821,1.10985,0.253647,0.562383
20,25,1.42676,1.09117,0.234481,0.553563
20,26,1.37868,1.06477,0.220492,0.548455
20,27,1.3365,1.02934,0.209138,0.545907
20,28,1.2966,0.988498,0.198467,0.544794
20,29,1.25885,0.944441,0.188537,0.54464
20,30,1.22388,0.904623,0.178891,0.544162
20,31,1.19424,0.871302,0.171002,0.543298
20,32,1.16519,0.837262,0.164745,0.542135
20,33,1.13442,0.803862,0.158247,0.540136
20,34,1.10605,0.775492,0.151838,0.537744
20,35,1.07961,0.751948,0.147087,0.534291
21,0,1.77246,2.0206,0.303221,0.437738
21,1,1.83049,2.00978,0.311042,0.450713
21,2,1.88019,1.98983,0.316523,0.463087
21,3,1.92457,1.96598,0.322884,0.474775
21,4,1.96818,1.933,0.329582,0.487943
21,5,2.00585,1.90009,0.335432,0.500185
21,6,2.04068,1.87006,0.342922,0.510944
21,7,2.0718,1.83927,0.350899,0.52104
21,8,2.10085,1.80576,0.359277,0.53131
21,9,2.12441,1.7737,0.36676,0.540581
21,10,2.14037,1.74227,0.37316,0.548705
21,11,2.14801,1.70499,0.378674,0.55696
21,12,2.14474,1.65708,0.382656,0.56628
21,13,2.12676,1.59681,0.383983,0.576489
21,14,2.09755,1.53198,0.383146,0.586275
21,15,2.06232,1.46699,0.380744,0.595234
21,16,2.0214,1.4116,0.375812,0.601149
21,17,1.97709,1.37153,0.369038,0.602429
21,18,1.92318,1.34381,0.358895,0.598777
21,19,1.85293,1.32258,0.343299,0.590562
21,20,1.77415,1.3077,0.324009,0.579297
21,21,1.6899,1.29391,0.302034,0.566223
21,22,1.60505,1.27557,0.279054,0.553362
21,23,1.52159,1.2499,0.255498,0.541748
21,24,1.45024,1.22284,0.233855,0.532882
21,25,1.39558,1.198,0.215594,0.526969
21,26,1.35714,1.16909,0.205262,0.524089
21,27,1.32009,1.13149,0.196538,0.522583
21,28,1.28377,1.08881,0.187067,0.522428
21,29,1.24878,1.0399,0.179446,0.523309
21,30,1.21497,0.992222,0.17096,0.524367
21,31,1.18679,0.951879,0.163302,0.525278
21,32,1.15595,0.918357,0.158308,0.522867
21,33,1.12139,0.883962,0.151626,0.519582
21,34,1.08928,0.854164,0.145128,0.516001
21,35,1.06122,0.829695,0.140248,0.512131
22,0,1.8013,2.02229,0.306544,0.441628
22,1,1.8592,2.01535,0.314678,0.453795
22,2,1.90694,1.99618,0.320285,0.465489
22,3,1.95034,1.97503,0.326572,0.476338
22,4,1.99137,1.94794,0.333212,0.487751
22,5,2.0306,1.92034,0.340204,0.498789
22,6,2.06799,1.89828,0.347691,0.508142
22,7,2.10417,1.87874,0.356613,0.516201
22,8,2.13952,1.85828,0.365838,0.524251
22,9,2.16875,1.83911,0.373978,0.531254
22,10,2.18825,1.81894,0.380442,0.5373
22,11,2.19684,1.79123,0.385256,0.543721
22,12,2.19308,1.75197,0.388392,0.55118
22,13,2.17202,1.69862,0.388484,0.559602
22,14,2.13496,1.63483,0.385918,0.568249
22,15,2.08483,1.56765,0.380425,0.575753
22,16,2.02993,1.51031,0.37287,0.580073
22,17,1.96802,1.47113,0.361994,0.578744
22,18,1.89626,1.44815,0.347016,0.5717
22,19,1.8117,1.43446,0.327123,0.559937
22,20,1.72428,1.42571,0.305011,0.546205
22,21,1.63958,1.41317,0.282536,0.53305
22,22,1.56044,1.3902,0.261431,0.522121
22,23,1.4851,1.35546,0.24061,0.513756
22,24,1.42239,1.31651,0.222173,0.508755
22,25,1.37653,1.28057,0.207949,0.506385
22,26,1.34128,1.24681,0.197996,0.505127
22,27,1.30718,1.20803,0.190075,0.50439
22,28,1.27297,1.16325,0.182541,0.50461
22,29,1.23951,1.11597,0.174471,0.50557
22,30,1.20585,1.06755,0.167205,0.506304
22,31,1.17605,1.02438,0.160291,0.506867
22,32,1.14228,0.986616,0.153956,0.504517
22,33,1.1044,0.950184,0.146235,0.500527
22,34,1.06732,0.918635,0.13906,0.495492
22,35,1.0355,0.894807,0.13352,0.490169
23,0,1.83257,2.03253,0.312056,0.443355
23,1,1.88898,2.02415,0.319127,0.455985
23,2,1.93412,2.00779,0.324548,0.46684
23,3,1.97381,1.98967,0.329941,0.476537
23,4,2.01106,1.96956,0.336778,0.485817
23,5,2.05125,1.94826,0.344723,0.495402
23,6,2.09191,1.9326,0.353225,0.503583
23,7,2.13257,1.9234,0.362424,0.510056
23,8,2.17192,1.91624,0.371961,0.515676
23,9,2.20438,1.91063,0.37996,0.520129
23,10,2.22512,1.90261,0.385799,0.523733
23,11,2.23372,1.8837,0.390176,0.528217
23,12,2.22907,1.85114,0.392846,0.534218
23,13,2.20611,1.80419,0.392275,0.541324
23,14,2.15582,1.75072,0.387,0.546207
23,15,2.0922,1.69077,0.379057,0.550424
23,16,2.01928,1.63791,0.36799,0.551332
23,17,1.93639,1.60128,0.352569,0.546544
23,18,1.84642,1.58025,0.333214,0.536547
23,19,1.75202,1.56623,0.310781,0.523438
23,20,1.66407,1.5536,0.288487,0.510415
23,21,1.5866,1.53407,0.268019,0.49978
23,22,1.51772,1.50233,0.24991,0.492247
23,23,1.45259,1.45712,0.2322,0.487519
23,24,1.39828,1.40749,0.216615,0.485795
23,25,1.35702,1.36277,0.203716,0.485623
23,26,1.32485,1.32374,0.195873,0.485537
23,27,1.29154,1.28197,0.188142,0.485346
23,28,1.25702,1.23663,0.180367,0.485371
23,29,1.22307,1.18923,0.172482,0.485809
23,30,1.18994,1.14306,0.165272,0.486001
23,31,1.15767,1.09766,0.158415,0.485964
23,32,1.12208,1.0535,0.151149,0.484343
23,33,1.08195,1.01077,0.143093,0.480758
23,34,1.03942,0.973125,0.13472,0.475101
23,35,1.00116,0.942131,0.126988,0.469194
24,0,1.86673,2.04696,0.317633,0.444332
24,1,1.92143,2.04044,0.324362,0.45681
24,2,1.959,2.02305,0.328734,0.466956
24,3,1.99323,2.00729,0.333629,0.47528
24,4,2.02883,1.99192,0.3403,0.483281
24,5,2.07037,1.97688,0.348605,0.491568
24,6,2.11443,1.96735,0.357783,0.498721
24,7,2.15848,1.96444,0.36729,0.504198
24,8,2.19994,1.96556,0.376514,0.508275
24,9,2.23386,1.96859,0.383843,0.511062
24,10,2.25461,1.96956,0.388394,0.51289
24,11,2.26397,1.9591,0.392763,0.515475
24,12,2.26135,1.93226,0.396025,0.520325
24,13,2.22528,1.89572,0.393006,0.523709
24,14,2.16853,1.85158,0.386704,0.526026
24,15,2.09278,1.80302,0.376538,0.526355
24,16,2.00198,1.75797,0.362036,0.523228
24,17,1.89922,1.72352,0.342515,0.515222
24,18,1.79462,1.70066,0.319869,0.503538
24,19,1.69679,1.68159,0.29674,0.490962
24,20,1.61361,1.66046,0.276145,0.480311
24,21,1.54501,1.6342,0.258,0.472453
24,22,1.48533,1.59612,0.243075,0.467543
24,23,1.42964,1.54571,0.228074,0.465393
24,24,1.38154,1.49023,0.214831,0.465667
24,25,1.34304,1.44025,0.203739,0.466587
24,26,1.31004,1.39608,0.19501,0.467113
24,27,1.27578,1.3519,0.187115,0.466924
24,28,1.24074,1.30485,0.17911,0.466948
24,29,1.20577,1.25744,0.171157,0.466827
24,30,1.17271,1.21315,0.163762,0.466466
24,31,1.14035,1.16771,0.157094,0.466215
24,32,1.10463,1.11864,0.149845,0.465426
24,33,1.06417,1.06892,0.141623,0.463055
24,34,1.02106,1.02315,0.132885,0.458795
24,35,0.979998,0.985852,0.124574,0.45317
25,0,1.89563,2.0706,0.323199,0.442843
25,1,1.94491,2.06142,0.328757,0.455517
25,2,1.97526,2.0413,0.331364,0.465435
25,3,2.00631,2.02595,0.335847,0.473168
25,4,2.04137,2.01473,0.342867,0.480087
25,5,2.08387,2.00492,0.351473,0.487284
25,6,2.12922,2.00052,0.360801,0.493445
25,7,2.17387,2.00174,0.370144,0.498072
25,8,2.2157,2.00661,0.378957,0.501373
25,9,2.25038,2.01346,0.385825,0.503388
25,10,2.27291,2.02115,0.389721,0.503984
25,11,2.28302,2.02011,0.393816,0.504586
25,12,2.27585,2.00466,0.395969,0.506542
25,13,2.23104,1.97683,0.392153,0.507193
25,14,2.1639,1.94399,0.384744,0.505986
25,15,2.0752,1.90777,0.37281,0.502185
25,16,1.9685,1.87167,0.35577,0.495117
25,17,1.85122,1.83866,0.333754,0.48475
25,18,1.73976,1.81065,0.309761,0.47305
25,19,1.64649,1.78388,0.286866,0.462771
25,20,1.56984,1.75377,0.269122,0.454483
25,21,1.50756,1.72016,0.253238,0.448651
25,22,1.45734,1.6807,0.23995,0.445646
25,23,1.41015,1.62643,0.227434,0.445596
25,24,1.36584,1.56749,0.215204,0.44695
25,25,1.3282,1.51454,0.204361,0.448192
25,26,1.29317,1.46321,0.195573,0.449325
25,27,1.25848,1.4155,0.186656,0.449504
25,28,1.2225,1.3664,0.178782,0.449469
25,29,1.18677,1.31819,0.17031,0.44907
25,30,1.1532,1.27492,0.162821,0.448148
25,31,1.12248,1.23018,0.156272,0.448127
25,32,1.08854,1.18169,0.149646,0.447617
25,33,1.05024,1.12881,0.141739,0.446462
25,34,1.01205,1.07941,0.133731,0.444461
25,35,0.981727,1.0403,0.127396,0.442683
26,0,1.91158,2.1059,0.3283,0.437597
26,1,1.95284,2.08543,0.331911,0.451397
26,2,1.98123,2.06311,0.334362,0.461332
26,3,2.01173,2.0475,0.338177,0.469172
26,4,2.04712,2.0383,0.344977,0.475828
26,5,2.08917,2.03217,0.353131,0.482281
26,6,2.13376,2.03091,0.362124,0.487717
26,7,2.1767,2.03354,0.370721,0.491907
26,8,2.21811,2.04089,0.37945,0.494579
26,9,2.25389,2.04984,0.386474,0.496153
26,10,2.28086,2.06118,0.391396,0.496152
26,11,2.29971,2.07076,0.395166,0.49556
26,12,2.27105,2.06258,0.393829,0.494152
26,13,2.21793,2.04527,0.389655,0.491744
26,14,2.13909,2.02636,0.381439,0.48634
26,15,2.03726,2.0045,0.3683,0.47805
26,16,1.91856,1.97863,0.349996,0.46737
26,17,1.79476,1.94756,0.327393,0.455614
26,18,1.68502,1.91386,0.304127,0.445043
26,19,1.59825,1.87664,0.283368,0.437289
26,20,1.5304,1.83798,0.266194,0.431801
26,21,1.4765,1.79679,0.251273,0.428473
26,22,1.43519,1.75407,0.238839,0.427384
26,23,1.39262,1.69813,0.22832,0.428274
26,24,1.34936,1.63781,0.216936,0.429672
26,25,1.31101,1.58177,0.206533,0.43094
26,26,1.27438,1.52657,0.197011,0.432124
26,27,1.23763,1.47292,0.18776,0.432688
26,28,1.20038,1.42213,0.179145,0.432379
26,29,1.16401,1.37313,0.170644,0.4317
26,30,1.13157,1.32957,0.163195,0.430949
26,31,1.10244,1.2873,0.156705,0.430716
26,32,1.07126,1.23918,0.150109,0.430865
26,33,1.03606,1.18524,0.142506,0.430775
26,34,1.00167,1.13424,0.134949,0.430206
26,35,0.972629,1.09247,0.128689,0.429299
27,0,1.89396,2.13479,0.329782,0.429873
27,1,1.93816,2.11507,0.333223,0.443598
27,2,1.9706,2.09253,0.335829,0.453757
27,3,2.00545,2.07464,0.340038,0.462416
27,4,2.04248,2.06568,0.346449,0.469415
27,5,2.08399,2.06058,0.353926,0.475735
27,6,2.12583,2.061,0.36194,0.480658
27,7,2.16605,2.06494,0.370049,0.484349
27,8,2.20546,2.0721,0.378355,0.486916
27,9,2.24166,2.08254,0.38539,0.48827
27,10,2.26968,2.0966,0.390376,0.487809
27,11,2.28782,2.11228,0.392794,0.486096
27,12,2.25028,2.10907,0.391056,0.482775
27,13,2.18278,2.10464,0.38594,0.476289
27,14,2.08954,2.10122,0.376889,0.46618
27,15,1.97542,2.09409,0.363144,0.453528
27,16,1.8506,2.07842,0.344957,0.440031
27,17,1.72994,2.04995,0.323679,0.427977
27,18,1.63006,2.01157,0.302488,0.419317
27,19,1.55478,1.96518,0.283127,0.414527
27,20,1.4974,1.91482,0.267609,0.412488
27,21,1.45241,1.8638,0.253215,0.412043
27,22,1.41527,1.81294,0.242036,0.412919
27,23,1.37391,1.75504,0.230837,0.413879
27,24,1.33124,1.69534,0.219691,0.41481
27,25,1.29262,1.63927,0.208961,0.415483
27,26,1.25376,1.58084,0.199456,0.4165
27,27,1.21499,1.52347,0.189603,0.416928
27,28,1.17554,1.47015,0.180383,0.41626
27,29,1.13966,1.42096,0.171664,0.415464
27,30,1.10933,1.37688,0.16418,0.41518
27,31,1.08328,1.33377,0.157413,0.415794
27,32,1.05347,1.28698,0.151511,0.416019
27,33,1.01965,1.23268,0.144237,0.416303
27,34,0.986193,1.1796,0.136778,0.416309
27,35,0.956235,1.13338,0.130113,0.415848
28,0,1.83901,2.16181,0.328118,0.41847
28,1,1.89639,2.14647,0.332171,0.432415
28,2,1.93835,2.12425,0.334548,0.44331
28,3,1.9813,2.10622,0.339684,0.452713
28,4,2.02236,2.09684,0.346022,0.460424
28,5,2.06468,2.09223,0.352824,0.466934
28,6,2.10386,2.09345,0.359866,0.4716
28,7,2.13996,2.09815,0.367128,0.4749
28,8,2.17621,2.10511,0.375364,0.477366
28,9,2.20924,2.11528,0.382541,0.478619
28,10,2.23133,2.12867,0.387097,0.477878
28,11,2.23434,2.1434,0.38854,0.474933
28,12,2.19507,2.15376,0.386511,0.468733
28,13,2.11785,2.1642,0.38094,0.458289
28,14,2.0109,2.17564,0.371268,0.443794
28,15,1.8888,2.18166,0.357579,0.427676
28,16,1.76679,2.17467,0.340765,0.412735
28,17,1.65927,2.14926,0.322243,0.401504
28,18,1.57667,2.10907,0.304436,0.395175
28,19,1.51543,2.05559,0.287884,0.393312
28,20,1.46723,1.99657,0.272917,0.393768
28,21,1.4275,1.93597,0.25926,0.395473
28,22,1.39184,1.87797,0.24737,0.397297
28,23,1.35222,1.81501,0.235506,0.398926
28,24,1.30998,1.75111,0.223555,0.400124
28,25,1.26913,1.68886,0.212378,0.401025
28,26,1.22821,1.6291,0.20205,0.401251
28,27,1.18747,1.56886,0.191765,0.401356
28,28,1.14841,1.51192,0.181855,0.401098
28,29,1.1155,1.46077,0.172731,0.401144
28,30,1.08825,1.4154,0.165312,0.401725
28,31,1.06117,1.37212,0.159299,0.402004
28,32,1.03093,1.32453,0.152833,0.402015
28,33,0.997927,1.27156,0.145744,0.402077
28,34,0.965765,1.21823,0.138507,0.402354
28,35,0.937641,1.16972,0.131784,0.402746
29,0,1.75754,2.18903,0.324746,0.404153
29,1,1.82759,2.17317,0.328633,0.418879
29,2,1.88426,2.15111,0.331794,0.430872
29,3,1.93727,2.13456,0.336711,0.441177
29,4,1.98488,2.12762,0.343133,0.449434
29,5,2.03057,2.12423,0.349625,0.456371
29,6,2.06916,2.1263,0.35594,0.461122
29,7,2.10148,2.13219,0.362664,0.464058
29,8,2.13134,2.1411,0.370866,0.465819
29,9,2.15618,2.15337,0.378103,0.466196
29,10,2.16595,2.16859,0.382453,0.464172
29,11,2.15202,2.1862,0.383341,0.459166
29,12,2.10403,2.20782,0.380465,0.44991
29,13,2.0182,2.23061,0.375033,0.436252
29,14,1.9042,2.25358,0.365375,0.418746
29,15,1.78451,2.26711,0.352602,0.401368
29,16,1.677,2.26282,0.338079,0.387377
29,17,1.59009,2.23718,0.322705,0.378346
29,18,1.52668,2.19694,0.308233,0.374169
29,19,1.47886,2.14138,0.294234,0.374216
29,20,1.4383,2.07753,0.280263,0.376182
29,21,1.40189,2.0102,0.266583,0.378976
29,22,1.36744,1.94526,0.253836,0.381482
29,23,1.32838,1.87614,0.241521,0.383808
29,24,1.28565,1.80687,0.22894,0.385299
29,25,1.24246,1.73918,0.216794,0.386056
29,26,1.20003,1.67487,0.205289,0.386156
29,27,1.15881,1.61161,0.194531,0.386298
29,28,1.12107,1.5515,0.184304,0.386637
29,29,1.08975,1.4969,0.174943,0.387465
29,30,1.0633,1.44909,0.167662,0.388511
29,31,1.03472,1.40311,0.160698,0.388515
29,32,1.00369,1.35307,0.153952,0.388497
29,33,0.969969,1.29974,0.146596,0.38814
29,34,0.938524,1.24824,0.139788,0.388061
29,35,0.909555,1.19784,0.133453,0.388323
30,0,1.67741,2.19308,0.317057,0.392475
30,1,1.74904,2.18406,0.321569,0.405972
30,2,1.81577,2.16774,0.325657,0.418051
30,3,1.87998,2.15705,0.331393,0.428902
30,4,1.93509,2.15461,0.338241,0.437604
30,5,1.98476,2.15429,0.344857,0.444778
30,6,2.02482,2.15859,0.351276,0.449642
30,7,2.05422,2.16687,0.357895,0.452185
30,8,2.07563,2.18197,0.365936,0.45241
30,9,2.08759,2.20182,0.373171,0.450569
30,10,2.08078,2.22519,0.377467,0.445833
30,11,2.04923,2.25155,0.378284,0.437786
30,12,1.98861,2.28157,0.375987,0.425922
30,13,1.89655,2.31319,0.370273,0.41001
30,14,1.78555,2.33992,0.360945,0.391964
30,15,1.68123,2.35225,0.349568,0.37619
30,16,1.59708,2.34293,0.337528,0.365456
30,17,1.5325,2.31112,0.324675,0.359804
30,18,1.48479,2.26748,0.311836,0.3576
30,19,1.44689,2.21304,0.300126,0.358678
30,20,1.41138,2.14878,0.287082,0.360968
30,21,1.37718,2.07821,0.273707,0.364162
30,22,1.34173,2.00613,0.260408,0.367144
30,23,1.30204,1.93381,0.247276,0.36913
30,24,1.25899,1.86124,0.234258,0.370534
30,25,1.21398,1.78748,0.221203,0.371355
30,26,1.17,1.71672,0.208839,0.371717
30,27,1.12892,1.65078,0.197571,0.371909
30,28,1.09286,1.59001,0.187408,0.372471
30,29,1.06264,1.53332,0.178281,0.37372
30,30,1.03524,1.48151,0.170491,0.374924
30,31,1.00531,1.42847,0.162912,0.375542
30,32,0.970931,1.37137,0.154846,0.375437
30,33,0.935521,1.31452,0.146579,0.374859
30,34,0.902812,1.26344,0.13978,0.374026
30,35,0.870477,1.21187,0.133559,0.373199
31,0,1.61426,2.17288,0.305601,0.385192
31,1,1.68333,2.17287,0.31141,0.396738
31,2,1.75125,2.16942,0.317208,0.407533
31,3,1.81947,2.16751,0.324003,0.417898
31,4,1.8799,2.17404,0.332074,0.426367
31,5,1.93221,2.17939,0.338889,0.433257
31,6,1.97197,2.18876,0.346649,0.437508
31,7,1.99887,2.20372,0.354056,0.439107
31,8,2.01212,2.22677,0.361706,0.437612
31,9,2.01018,2.25745,0.36884,0.433066
31,10,1.98586,2.29331,0.373468,0.424966
31,11,1.93739,2.33157,0.374485,0.413614
31,12,1.86535,2.3702,0.373262,0.399539
31,13,1.77485,2.40352,0.368419,0.383696
31,14,1.68005,2.42305,0.360091,0.368468
31,15,1.60136,2.42488,0.349843,0.356759
31,16,1.5379,2.40565,0.339545,0.349731
31,17,1.49046,2.36843,0.328951,0.347051
31,18,1.453,2.32088,0.317236,0.346406
31,19,1.41981,2.26521,0.305799,0.347714
31,20,1.38841,2.2005,0.292767,0.349889
31,21,1.35434,2.1306,0.279967,0.352651
31,22,1.31735,2.05533,0.266017,0.3552
31,23,1.27867,1.98016,0.252027,0.357092
31,24,1.23506,1.90681,0.239128,0.358114
31,25,1.18811,1.82826,0.225255,0.358754
31,26,1.1423,1.75305,0.21218,0.358974
31,27,1.10089,1.68402,0.200434,0.359203
31,28,1.06525,1.62281,0.190238,0.359621
31,29,1.03352,1.56468,0.181012,0.360436
31,30,1.00409,1.50963,0.173009,0.361378
31,31,0.970036,1.4495,0.164667,0.361765
31,32,0.931813,1.38366,0.155491,0.361702
31,33,0.893535,1.31922,0.146567,0.361259
31,34,0.856981,1.2614,0.1388,0.36011
31,35,0.821822,1.20796,0.131862,0.358484
32,0,1.571,2.13138,0.293583,0.382169
32,1,1.63721,2.15007,0.301543,0.391533
32,2,1.70037,2.16253,0.308837,0.400025
32,3,1.76507,2.16989,0.316301,0.408885
32,4,1.82623,2.18531,0.325544,0.416381
32,5,1.87938,2.19915,0.333651,0.422444
32,6,1.91602,2.21674,0.341594,0.425355
32,7,1.93969,2.23996,0.349448,0.425717
32,8,1.94661,2.27285,0.35773,0.422492
32,9,1.9322,2.31724,0.365993,0.415055
32,10,1.89208,2.36812,0.371513,0.403524
32,11,1.83068,2.41919,0.374078,0.389449
32,12,1.75471,2.46517,0.373916,0.374326
32,13,1.67395,2.4959,0.370474,0.360353
32,14,1.59961,2.50379,0.363796,0.349482
32,15,1.53987,2.49122,0.355319,0.342499
32,16,1.49251,2.463,0.345709,0.338431
32,17,1.45512,2.42056,0.335011,0.336951
32,18,1.42244,2.36921,0.323923,0.337308
32,19,1.39328,2.31062,0.311767,0.338545
32,20,1.36434,2.24404,0.298969,0.341008
32,21,1.33109,2.17029,0.284908,0.34337
32,22,1.29443,2.09423,0.270664,0.345448
32,23,1.25568,2.01825,0.256717,0.347038
32,24,1.21398,1.94334,0.243314,0.348086
32,25,1.16658,1.86115,0.228932,0.348742
32,26,1.11885,1.78094,0.214819,0.348842
32,27,1.07663,1.7103,0.203198,0.348884
32,28,1.03767,1.64663,0.192558,0.348527
32,29,1.00398,1.58773,0.183563,0.348731
32,30,0.969317,1.52795,0.174865,0.348737
32,31,0.93042,1.46088,0.16544,0.348556
32,32,0.88743,1.38608,0.155118,0.348229
32,33,0.843821,1.31073,0.144929,0.347674
32,34,0.803017,1.24258,0.135873,0.34668
32,35,0.76813,1.18567,0.128429,0.345525
33,0,1.53343,2.10217,0.284982,0.378523
33,1,1.60338,2.13076,0.294393,0.38771
33,2,1.66514,2.15554,0.30228,0.395013
33,3,1.72144,2.16758,0.309596,0.402136
33,4,1.77825,2.19063,0.319752,0.408029
33,5,1.82981,2.2137,0.328933,0.412788
33,6,1.86353,2.23962,0.336593,0.414497
33,7,1.88255,2.2717,0.346257,0.413349
33,8,1.88392,2.31713,0.355999,0.408162
33,9,1.86011,2.37565,0.36488,0.398128
33,10,1.80916,2.44064,0.371275,0.383864
33,11,1.74225,2.50288,0.375684,0.368218
33,12,1.67172,2.55349,0.377435,0.353677
33,13,1.60529,2.58039,0.375876,0.342464
33,14,1.54524,2.57887,0.37063,0.335071
33,15,1.49244,2.55905,0.36374,0.330781
33,16,1.44994,2.52502,0.354777,0.328274
33,17,1.41762,2.47535,0.343864,0.328132
33,18,1.39078,2.41671,0.331539,0.329051
33,19,1.36612,2.35332,0.318674,0.330733
33,20,1.34102,2.2831,0.305001,0.333312
33,21,1.31033,2.2034,0.289756,0.336059
33,22,1.27526,2.1239,0.274523,0.338009
33,23,1.2377,2.04639,0.260117,0.339496
33,24,1.19818,1.97116,0.246737,0.340696
33,25,1.14919,1.88768,0.232455,0.340933
33,26,1.09856,1.8048,0.218206,0.340528
33,27,1.05225,1.73,0.205743,0.339856
33,28,1.00915,1.66282,0.194733,0.338739
33,29,0.970082,1.60165,0.185109,0.337572
33,30,0.932852,1.53864,0.175871,0.337096
33,31,0.891133,1.46371,0.165303,0.337027
33,32,0.844585,1.37877,0.153603,0.336939
33,33,0.79628,1.2909,0.141965,0.336707
33,34,0.750909,1.20959,0.13137,0.336246
33,35,0.717414,1.14805,0.123303,0.336163
34,0,1.49653,2.06486,0.277688,0.373431
34,1,1.56621,2.10628,0.288017,0.382792
34,2,1.62469,2.13635,0.296377,0.389683
34,3,1.67901,2.15836,0.304671,0.395426
34,4,1.73235,2.19026,0.315045,0.400191
34,5,1.78142,2.22163,0.324501,0.403985
34,6,1.81381,2.25517,0.333289,0.404831
34,7,1.82866,2.2983,0.343665,0.401972
34,8,1.82518,2.35605,0.354657,0.395008
34,9,1.79769,2.426,0.364711,0.383485
34,10,1.74475,2.50085,0.372479,0.368153
34,11,1.68164,2.57009,0.378224,0.35243
34,12,1.62315,2.62487,0.382338,0.339337
34,13,1.57084,2.65233,0.383139,0.330364
34,14,1.51421,2.64439,0.37905,0.325188
34,15,1.45703,2.62169,0.373211,0.321823
34,16,1.40956,2.58733,0.365302,0.319587
34,17,1.3815,2.52982,0.353161,0.319955
34,18,1.36164,2.4605,0.338892,0.321753
34,19,1.3403,2.39133,0.324683,0.323362
34,20,1.32118,2.3198,0.31103,0.326711
34,21,1.29511,2.23474,0.294778,0.330201
34,22,1.26367,2.15232,0.278886,0.332482
34,23,1.22655,2.07176,0.26431,0.334251
34,24,1.18244,1.99091,0.249893,0.334812
34,25,1.1291,1.90564,0.235003,0.333911
34,26,1.07529,1.82408,0.220945,0.332332
34,27,1.02648,1.74548,0.207822,0.331279
34,28,0.978803,1.67263,0.195821,0.329513
34,29,0.937169,1.61164,0.185941,0.327425
34,30,0.900985,1.54683,0.176576,0.327257
34,31,0.858926,1.46427,0.164998,0.327981
34,32,0.810727,1.36806,0.151552,0.328853
34,33,0.757693,1.26736,0.138679,0.329027
34,34,0.705402,1.16954,0.126226,0.328942
34,35,0.669612,1.10123,0.117594,0.329159
35,0,1.4372,1.99894,0.267398,0.361812
35,1,1.50996,2.05728,0.278919,0.373909
35,2,1.56721,2.09879,0.288625,0.380843
35,3,1.6225,2.13222,0.297764,0.386635
35,4,1.67763,2.1746,0.308906,0.391464
35,5,1.72774,2.21667,0.319629,0.394758
35,6,1.76225,2.26035,0.329303,0.395328
35,7,1.77602,2.31325,0.340799,0.39162
35,8,1.7724,2.38177,0.352838,0.383962
35,9,1.74718,2.45913,0.364206,0.372335
35,10,1.70043,2.53847,0.373046,0.357677
35,11,1.64795,2.60957,0.379552,0.34315
35,12,1.6008,2.66689,0.38579,0.331664
35,13,1.56613,2.70911,0.390506,0.323271
35,14,1.50044,2.69125,0.38588,0.319345
35,15,1.43651,2.66619,0.380493,0.316302
35,16,1.37252,2.6439,0.37557,0.312672
35,17,1.35392,2.56923,0.360031,0.313942
35,18,1.34412,2.49451,0.345027,0.317109
35,19,1.32063,2.4209,0.330029,0.318333
35,20,1.30719,2.34916,0.316142,0.321958
35,21,1.28546,2.26257,0.299758,0.326049
35,22,1.25298,2.17486,0.283113,0.328501
35,23,1.21354,2.08983,0.267337,0.329682
35,24,1.16721,2.00494,0.252288,0.329952
35,25,1.10946,1.91615,0.236624,0.328191
35,26,1.05093,1.83843,0.223061,0.324843
35,27,1.00586,1.75567,0.209324,0.324879
35,28,0.956785,1.67745,0.196409,0.323243
35,29,0.911312,1.6166,0.186413,0.320044
35,30,0.876644,1.55083,0.177074,0.320191
35,31,0.836422,1.46666,0.165384,0.321486
35,32,0.788461,1.36127,0.15101,0.3236
35,33,0.730963,1.24884,0.136352,0.324107
35,34,0.675282,1.14113,0.122615,0.324389
35,35,0.627601,1.04555,0.110996,0.325307
